step,iteration,pressure_l1_delta,pressure_l1_norm,relative_error,fixed_point_h_l1,fixed_point_h_scale,fixed_point_h_relative,fixed_point_p_l1,fixed_point_p_scale,fixed_point_p_relative,fixed_point_relative,pressure_converged,fixed_point_converged,dual_residual_enabled,converged,block_low_frequency_fraction,block_size,block_count
1,100,1862.3177294957072,1862.3177294957072,1,17.468501579934642,1899.9487116863743,0.0091941963867170854,2.0370913955044751e-13,1862.3177294957063,1.0938473941587268e-16,0.0091941963867170854,0,0,1,0,,0,0
1,200,1644.0238886930322,3484.9512408510664,0.471749466512347,15.674148840975706,3521.7189367417895,0.0044507097592169165,4.8196658172494269e-13,3484.9512408510577,1.3829937592103639e-16,0.0044507097592169165,0,0,1,0,,0,0
1,300,1501.0724909692244,4973.4546954517091,0.30181686229935406,14.42739796350237,5006.2773431025535,0.0028818615060110194,8.7505008517745015e-13,4973.4546954517127,1.7594411505903421e-16,0.0028818615060110194,0,0,1,0,,0,0
1,400,1388.8937007000811,6359.1295183059756,0.21840940598896183,13.403954321573366,6388.7868372023468,0.0020980437543355202,6.1213304501007201e-13,6359.1295183059929,9.6260509122817493e-17,0.0020980437543355202,0,0,1,0,,0,0
1,500,1294.631798453597,7650.9685549663945,0.16921149121874587,12.525165739338366,7679.2271042207067,0.0016310450998973847,1.3264650057810668e-12,7650.9685549664136,1.7337216801394759e-16,0.0016310450998973847,0,0,1,0,,0,0
1,600,1211.7589735643273,8859.4902567515637,0.13677524760985887,11.738196075360712,8886.8688652122328,0.0013208472245280942,1.4877016688528638e-12,8859.4902567515564,1.6792181330287373e-16,0.0013208472245280942,0,0,1,0,,0,0
1,700,1136.4992956778099,9994.3324113018061,0.11371437820025197,11.015108470860079,10020.562385068402,0.0010992505258261398,1.7108669950347476e-12,9994.3324113017898,1.7118371939481074e-16,0.0010992505258261398,0,0,1,0,,0,0
1,800,1066.7664769116193,11060.425132800696,0.096448957802537483,10.340716320569287,11085.861034776168,0.00093278422741640242,1.6405109343170494e-12,11060.425132800709,1.4832259290395295e-16,0.00093278422741640242,0,1,1,0,,0,0
1,900,1001.4446421100453,12061.256554101616,0.083029876499019384,9.7069428017274202,12086.36484877984,0.00080313170446011893,1.92090755363986e-12,12061.256554101596,1.5926263942927481e-16,0.00080313170446011893,0,1,1,0,,0,0
1,1000,939.93806637706325,13000.703006436723,0.072299018438594778,9.1093885683388347,13025.556466201906,0.00069934736316067895,1.8624277905800087e-12,13000.703006436717,1.4325592928766319e-16,0.00069934736316067895,0,1,1,0,,0,0
1,1100,881.91052990105652,13882.205781350003,0.063528126854729083,8.545454240651349,13906.942973896877,0.00061447395424652548,2.2743344827133084e-12,13882.205781349983,1.6383091552847875e-16,0.00061447395424652548,0,1,1,0,,0,0
1,1200,827.15038375335689,14709.162827146019,0.056233681921505164,8.0133704859903592,14733.875742463712,0.00054387390161676568,2.3896176469329515e-12,14709.162827145999,1.6245776017401026e-16,0.00054387390161676568,0,1,1,0,,0,0
1,1300,775.50125580591907,15484.560057770484,0.050082227258161971,7.5117169479376926,15509.290676329349,0.00048433658925499764,2.7905866933038213e-12,15484.560057770479,1.8021737026383557e-16,0.00048433658925499764,0,1,1,0,,0,0
1,1400,726.828886046251,16211.314148160895,0.044834667899437797,7.0392008008739086,16236.122161685236,0.0004335518500523078,2.5675926383485426e-12,16211.314148160873,1.5838275755329982e-16,0.0004335518500523078,0,1,1,0,,0,0
1,1500,681.00614329813766,16892.30768050563,0.040314571352737368,6.5945613646988788,16917.203309452379,0.00038981392160808339,2.8074415128712414e-12,16892.30768050563,1.6619644668863902e-16,0.00038981392160808339,0,1,1,0,,0,0
1,1600,637.90707608473087,17530.200734188165,0.036389034316113483,6.1765370103904775,17555.218236284411,0.00035183481784489346,2.8976632405888021e-12,17530.200734188173,1.6529549687001878e-16,0.00035183481784489346,0,1,1,0,,0,0
1,1700,597.40522407962339,18127.593987097156,0.032955571738027892,5.783860225096543,18152.757335249469,0.00031862158008719155,2.4773113161456701e-12,18127.593987097152,1.3665968676863401e-16,0.00031862158008719155,0,1,1,0,,0,0
1,1800,559.373806606725,18686.967307407074,0.029933899781855046,5.4152642340828292,18712.281015608547,0.0002893962649217257,2.9786071273850932e-12,18686.967307407074,1.5939489155120656e-16,0.0002893962649217257,0,1,1,0,,0,0
1,1900,523.68661809484411,19210.653536131242,0.027260218769231279,5.0694932824989776,19236.117350332166,0.00026354035953162028,3.5540864532396547e-12,19210.653536131253,1.8500601484250163e-16,0.00026354035953162028,0,1,1,0,,0,0
1,2000,490.21907962725413,19700.872324554599,0.024883115404806679,4.7453129543139054,19726.489723739684,0.00024055536594547774,3.2848823394523064e-12,19700.872324554606,1.6673791319169775e-16,0.00024055536594547774,0,1,1,0,,0,0
1,2100,458.84920809216874,20159.721372770637,0.022760691956384273,4.4415190732509062,20185.493523286445,0.00022003519845214926,3.1900533477540859e-12,20159.721372770651,1.5823896019033426e-16,0.00022003519845214926,0,1,1,0,,0,0
1,2200,429.45841551535324,20589.179680404854,0.020858451972424995,4.1569447509763764,20615.102976966718,0.00020164559719255035,3.1854157644408375e-12,20589.179680404864,1.5471309755349124e-16,0.00020164559719255035,0,1,1,0,,0,0
1,2300,401.93212153722527,20991.111694126153,0.019147729162419545,3.8904656130633053,21017.180319931711,0.00018510882781805747,3.8063152314000894e-12,20991.111694126106,1.8132985460056418e-16,0.00018510882781805747,0,1,1,0,,0,0
1,2400,376.16019236982572,21367.27177918109,0.017604502636426062,3.6410034005227621,21393.480040034843,0.00017019219845060943,3.7530373841782212e-12,21367.27177918113,1.7564420123279074e-16,0.00017019219845060943,0,1,1,0,,0,0
1,2500,352.0372305966352,21719.308903297602,0.016208491355044267,3.4075282154083317,21745.651012609316,0.00015669929649070799,3.9794692165823469e-12,21719.30890329762,1.8322264462006653e-16,0.00015669929649070799,0,1,1,0,,0,0
1,2600,329.46274220785671,22048.771540089529,0.014942453442760781,3.189059665032195,22075.24160114058,0.00014446318290203551,3.7276859392121689e-12,22048.771540089485,1.690654707195102e-16,0.00014446318290203551,0,1,1,0,,0,0
1,2700,308.3412053397073,22357.112644921806,0.01379163804543177,2.9846671364961153,22383.705578999572,0.00013334106481888033,3.7024788279721144e-12,22357.112644921752,1.6560630555364242e-16,0.00013334106481888033,0,1,1,0,,0,0
1,2800,288.58206231327171,22645.694623862819,0.012743352195925994,2.7934693998642115,22672.405262892709,0.00012321010353657556,3.4271647911504854e-12,22645.694623862826,1.5133847064859391e-16,0.00012321010353657556,0,1,1,0,,0,0
1,2900,270.09965262760028,22915.794200945023,0.011786615391076503,2.6146336991082944,22942.616674415352,0.0001139640580764279,4.0003978045812907e-12,22915.79420094494,1.7456945936511914e-16,0.0001139640580764279,0,1,1,0,,0,0
1,3000,252.81310162494762,23168.607238223045,0.010911881712417408,2.4473744598427296,23195.535858997304,0.00010551058077381811,3.9190255925994517e-12,23168.607238223056,1.6915240317656772e-16,0.00010551058077381811,0,1,1,0,,0,0
1,3100,236.64617693852958,23405.253354184402,0.010110814583266277,2.2909517262270058,23432.283066076157,9.7769035981974255e-05,3.5906263637116483e-12,23405.253354184377,1.5341112994488131e-16,9.7769035981974255e-05,0,1,1,0,,0,0
1,3200,221.52712101625528,23626.780423539214,0.0093761027548023082,2.1446694078117341,23653.906233438298,9.0668720280117051e-05,3.8507745542335891e-12,23626.780423539207,1.6298346559301357e-16,9.0668720280117051e-05,0,1,1,0,,0,0
1,3300,207.38846951801153,23834.168842000912,0.0087013090698824201,2.0078734019479274,23861.385746659289,8.4147392916148611e-05,3.9515366297154667e-12,23834.16884200088,1.6579292762045126e-16,8.4147392916148611e-05,0,1,1,0,,0,0
1,3400,194.16685935558553,24028.33565093813,0.0080807452574437767,1.8799496460170737,24055.638957341584,7.8150060755020131e-05,4.597680919250953e-12,24028.335650938126,1.9134412745193393e-16,7.8150060755020131e-05,0,1,1,0,,0,0
1,3500,181.80283192494954,24210.138433107255,0.0075093677149873292,1.7603221381137117,24237.523637684775,7.2627969937355443e-05,3.9408464013769573e-12,24210.13843310731,1.6277669837640658e-16,7.2627969937355443e-05,0,1,1,0,,0,0
1,3600,170.2406350423291,24380.379019074451,0.0069826902571587636,1.6484509618135028,24407.841772900658,6.7537760083471681e-05,4.4806129428443323e-12,24380.379019074502,1.8377946213792783e-16,6.7537760083471681e-05,0,1,1,0,,0,0
1,3700,159.42802629425873,24539.806996987278,0.0064967106837405652,1.5438303349556799,24567.343129238925,6.2840752735621774e-05,7.1059219231982447e-13,24539.806996987267,2.8956714794336535e-17,6.2840752735621774e-05,0,1,1,0,,0,0
1,3800,149.31607987975346,24689.123029188326,0.0060478486701705395,1.4459867018730859,24716.728614061696,5.8502349742612926e-05,4.7155883256370934e-12,24689.123029188289,1.9099861587072859e-16,5.8502349742612926e-05,0,1,1,0,,0,0
1,3900,139.8589984858632,24828.981980704328,0.0056328929874995947,1.3544768800697009,24856.653259201186,5.4491522488785341e-05,3.8475063936501222e-12,24828.98198070428,1.5496029586070797e-16,5.4491522488785341e-05,0,1,1,0,,0,0
1,4000,131.01393140616469,24959.995865759098,0.0052489564545919534,1.268886274527395,24987.729312498639,5.0780375385798236e-05,4.6678645259664144e-12,24959.995865759069,1.870138340996259e-16,5.0780375385798236e-05,0,1,1,0,,0,0
1,4100,122.74079929047217,25082.736619234507,0.0048934373132295825,1.1888271650222564,25110.528878068693,4.7343772438842067e-05,4.2363436672206763e-12,25082.736619234489,1.6889479531400378e-16,4.7343772438842067e-05,0,1,1,0,,0,0
1,4200,115.00212653911917,25197.738700511349,0.00456398599517128,1.1139370672786919,25225.586615673532,4.415901537792442e-05,4.3719416243726342e-12,25197.738700511301,1.7350531634348287e-16,4.415901537792442e-05,0,1,1,0,,0,0
1,4300,107.76288160504544,25305.501537419357,0.0042584764204612185,1.0438771734910062,25333.402178955756,4.1205565921112092e-05,3.2398310820431781e-12,25305.501537419386,1.2802872439625121e-16,4.1205565921112092e-05,0,1,1,0,,0,0
1,4400,100.99032486328949,25406.491818159764,0.0039749811027079609,0.9783308711491252,25434.442455320252,3.8464805071615902e-05,4.4745830381126062e-12,25406.4918181598,1.7611967327635169e-16,3.8464805071615902e-05,0,1,1,0,,0,0
1,4500,94.65386444539422,25501.145639067148,0.0037117494949084466,0.9170023400816143,25529.14361917417,3.5919823781040642e-05,4.5189442016859804e-12,25501.145639067156,1.7720553678823998e-16,3.5919823781040642e-05,0,1,1,0,,0,0
1,4600,88.724919878989454,25589.870515989987,0.0034671890904469072,0.85961522700447235,25617.913329797717,3.3555239879924287e-05,4.7893212818282471e-12,25589.870515990027,1.871569173761783e-16,3.3555239879924287e-05,0,1,1,0,,0,0
1,4700,83.176793278086592,25673.047267274254,0.0032398488738854567,0.80591139480368246,25701.132530105962,3.1357038210656615e-05,4.4381244965107319e-12,25673.047267274273,1.7287096659413937e-16,3.1357038210656615e-05,0,1,1,0,,0,0
1,4800,77.984548005717713,25751.031779279769,0.003028404790695298,0.75564974460781309,25779.15721427188,2.9312430128222719e-05,3.1461850065841492e-12,25751.031779279809,1.2217704647918927e-16,2.9312430128222719e-05,0,1,1,0,,0,0
1,4900,73.12489442626071,25824.156638182663,0.0028316469517591482,0.70860510763594753,25852.320051590028,2.7409729812329369e-05,4.1494069270313545e-12,25824.156638182652,1.6067928123144179e-16,2.7409729812329369e-05,0,1,1,0,,0,0
1,5000,68.576082523242818,25892.732685667721,0.0026484683310850927,0.66456720460288587,25920.932013114983,2.5638244962281475e-05,4.3720372137347977e-12,25892.732685667779,1.6885190399987485e-16,2.5638244962281475e-05,0,1,1,0,,0,0
1,5100,64.31780107283609,25957.050452192929,0.0024778547620922906,0.62333966862706747,25985.283710924981,2.3988180216212035e-05,4.8855350544458904e-12,25957.050452192932,1.8821610966330518e-16,2.3988180216212035e-05,0,1,1,0,,0,0
1,5200,60.331083064147784,26017.381501195214,0.0023188760583526145,0.5847391290979761,26045.646897101004,2.2450551196064174e-05,3.8160803964221775e-12,26017.381501195221,1.4667426836351189e-16,2.2450551196064174e-05,0,1,1,0,,0,0
1,5300,56.59821703637278,26073.979684644833,0.002170678113617765,0.5485943536519905,26102.275465111248,2.1017108427395581e-05,4.510894667170205e-12,26073.979684644841,1.730036888011654e-16,2.1017108427395581e-05,0,1,1,0,,0,0
1,5400,53.102664030817031,26127.082315564796,0.002032475857404941,0.51474544453172311,26155.406802640944,1.968026910901453e-05,4.2367398262241731e-12,26127.082315564814,1.6215893435985385e-16,1.968026910901453e-05,0,1,1,0,,0,0
1,5500,49.828979900899093,26176.911262828795,0.0019035469616943016,0.48304308651222672,26205.262864405784,1.843305632962518e-05,4.7898142700383839e-12,26176.911262828806,1.8297858834246487e-16,1.843305632962518e-05,0,1,1,0,,0,0
1,5600,46.762742582465734,26223.673973248737,0.001783226203550627,0.45334784369325204,26252.051182843454,1.7269044637149313e-05,4.3624714572091522e-12,26223.673973248755,1.6635622688336456e-16,1.7269044637149313e-05,0,1,1,0,,0,0
1,5700,43.890484108792819,26267.564425673747,0.0016709004077246896,0.42552950157762776,26295.965835374012,1.618231116672636e-05,4.9820705083658025e-12,26267.564425673674,1.8966625255504742e-16,1.618231116672636e-05,0,1,1,0,,0,0
1,5800,41.19962706994913,26308.76402154053,0.0015660039003054867,0.39946645284954246,26337.188284864842,1.5167391770483842e-05,2.72603137488331e-12,26308.764021540468,1.0361685454517568e-16,1.5167391770483842e-05,0,1,1,0,,0,0
1,5900,38.678425232134572,26347.44241604938,0.0014680144137471898,0.3750451234220023,26375.888258950297,1.4219241442787652e-05,4.4395826194454889e-12,26347.442416049376,1.6850146398806228e-16,1.4219241442787652e-05,0,1,1,0,,0,0
1,6000,36.315908078796987,26383.758293879495,0.0013764493926258243,0.35215943624528612,26412.224511928784,1.3333198651489475e-05,4.3914436770688993e-12,26383.758293879499,1.6644496315324516e-16,1.3333198651489475e-05,0,1,1,0,,0,0
1,6100,34.101829008744765,26417.860093116364,0.0012908626546035268,0.33071031045086452,26446.345547752841,1.250495308902765e-05,4.8937268151108722e-12,26417.860093116371,1.8524311953586344e-16,1.250495308902765e-05,0,1,1,0,,0,0
1,6200,32.026617006534053,26449.886680831019,0.0012108413693032814,0.31060519463888187,26478.390295803969,1.1730516514370719e-05,4.6011821807604054e-12,26449.886680831034,1.7395848368964883e-16,1.1730516514370719e-05,0,1,1,0,,0,0
1,6300,30.081331509446631,26479.967983531118,0.0011360033187409945,0.29175763010418881,26508.488741530342,1.1006196277311642e-05,5.0958657459758763e-12,26479.9679835311,1.9244229257169755e-16,1.1006196277311642e-05,0,1,1,0,,0,0
1,6400,28.257620290847349,26508.22557549681,0.001065994410314948,0.27408684430488572,26536.762514960697,1.0328571322532772e-05,4.5763459262203451e-12,26508.225575496876,1.7263871220601552e-16,1.0328571322532772e-05,0,1,1,0,,0,0
1,6500,26.547680162682425,26534.773227819991,0.0010004864158721697,0.25751737103047095,26563.325440262121,9.6944703557390822e-06,4.8045917084801361e-12,26534.773227819966,1.8106775088029912e-16,9.6944703557390822e-06,0,1,1,0,,0,0
1,6600,24.944220312298075,26559.717420777914,0.00093917491353970426,0.24197869611318565,26588.284048557947,9.10095197084784e-06,3.9974016359121869e-12,26559.717420777903,1.5050618094245927e-16,9.10095197084784e-06,1,1,1,1,,0,0
2,100,2040.4077671094046,24808.329893509566,0.082246881425227361,18.452768015980549,24846.404718255937,0.00074267356686910711,4.7861610609825894e-12,24808.329893509592,1.9292556498270183e-16,0.00074267356686910711,0,1,1,0,,0,0
2,200,1718.0062618191814,23187.211126448827,0.074092837316666896,16.339190478652117,23247.503248625959,0.00070283635639959937,4.0144523024142646e-12,23187.211126448819,1.7313217534104924e-16,0.00070283635639959937,0,1,1,0,,0,0
2,300,1558.8781101632453,21737.007522810203,0.071715396359291986,14.980381508296908,21827.03912419856,0.00068632219986671937,3.6559739441290994e-12,21737.007522810181,1.6819122596763272e-16,0.00068632219986671937,0,1,1,0,,0,0
2,400,1442.101222764898,20450.265257938951,0.070517482515541616,13.930265140849096,20562.734638134258,0.00067745197251220513,3.162744720931537e-12,20450.265257938976,1.5465543752317497e-16,0.00067745197251220513,0,1,1,0,,0,0
2,500,1346.5453739722871,19314.505040422635,0.069716794251478378,13.045177220350173,19434.543913157562,0.00067123660213699876,3.427422039079973e-12,19314.505040422642,1.7745326799246696e-16,0.00067123660213699876,0,1,1,0,,0,0
2,600,1264.184111945699,18288.91486771249,0.069122969902249781,12.2681358033587,18410.696424678852,0.0006663591382080322,3.5095684937033484e-12,18288.914867712494,1.9189593910238983e-16,0.0006663591382080322,0,1,1,0,,0,0
2,700,1190.2119992736955,17350.075386647321,0.068599817162159821,11.558772696161666,17473.616242299518,0.00066149860085519074,3.316595989492655e-12,17350.075386647324,1.9115743969879913e-16,0.00066149860085519074,0,1,1,0,,0,0
2,800,1121.9073450410856,16484.098144674041,0.068059977269886024,10.898514004473673,16605.786862341785,0.00065630819513823031,2.1660676300972207e-12,16484.098144674044,1.3140346600017482e-16,0.00065630819513823031,0,1,1,0,,0,0
2,900,1057.986646292185,15679.737136723536,0.06747476931958718,10.277944189226194,15798.52957979251,0.00065056334118413438,3.0514919124284697e-12,15679.737136723572,1.9461371614971521e-16,0.00065056334118413438,0,1,1,0,,0,0
2,1000,997.71288132514462,14933.246195265419,0.066811520300352992,9.6915992541089366,15049.033277721046,0.00064400145014341988,2.398107963471374e-12,14933.246195265428,1.605885238958755e-16,0.00064400145014341988,0,1,1,0,,0,0
2,1100,940.68145286183983,14236.970330763726,0.066073148360025979,9.1363356769158592,14351.014515433679,0.00063663343571217657,2.6089362044839177e-12,14236.970330763737,1.8325080012609411e-16,0.00063663343571217657,0,1,1,0,,0,0
2,1200,886.64037634456122,13590.327784170702,0.065240543894553679,8.6101658611857967,13701.585161088093,0.00062840655004198307,2.1550300136417681e-12,13590.327784170699,1.5857086362198225e-16,0.00062840655004198307,0,1,1,0,,0,0
2,1300,835.42291766692688,12990.186215221805,0.064311850794562461,8.1116449789976404,13097.737245630135,0.0006193165145150526,2.291541515732614e-12,12990.186215221813,1.7640559402046147e-16,0.0006193165145150526,0,1,1,0,,0,0
2,1400,786.90835230045604,12429.810508682358,0.063308153551559943,7.6396139152296882,12533.95700155932,0.00060951333360081429,2.0500444311380721e-12,12429.810508682365,1.6492966081068512e-16,0.00060951333360081429,0,1,1,0,,0,0
2,1500,740.99325518219962,11907.074937622583,0.062231342211586806,7.193041099029748,12007.304640636006,0.00059905543452995502,1.8835489521018459e-12,11907.074937622578,1.5818737699805929e-16,0.00059905543452995502,0,1,1,0,,0,0
2,1600,697.57583174560443,11419.45294148474,0.061086624317303474,6.7709293574279057,11516.667232304144,0.00058792437263755545,2.1850085197601607e-12,11419.452941484749,1.9134091019565666e-16,0.00058792437263755545,0,1,1,0,,0,0
2,1700,656.55912547582307,10964.902609323493,0.059878245057785433,6.3722792899068335,11060.284082512593,0.00057614065266027288,2.1585418639100942e-12,10964.902609323479,1.9685919162425408e-16,0.00057614065266027288,0,1,1,0,,0,0
2,1800,617.83984901067322,10543.926832506031,0.058596750416166153,5.9960591900887561,10637.53365999474,0.00056367005564819249,2.0207554260382495e-12,10543.926832506013,1.9165112373583964e-16,0.00056367005564819249,0,1,1,0,,0,0
2,1900,581.31275602097958,10156.027611058316,0.057238201616153686,5.6412272833542874,10247.008895589335,0.00055052428868120388,1.6442133561458981e-12,10156.02761105832,1.61895321587705e-16,0.00055052428868120388,0,1,1,0,,0,0
2,2000,546.87385475730139,9798.4515160261526,0.055812273384508296,5.3067669265383168,9887.5288510683349,0.00053671316731125672,1.6529420920772423e-12,9798.4515160261508,1.6869421554760191e-16,0.00053671316731125672,0,1,1,0,,0,0
2,2100,514.42199898267995,9468.6893625362227,0.054328743851080372,4.9916753427380876,9557.1015317884485,0.00052230012688836436,1.7065945947301148e-12,9468.6893625362172,1.8023556686550737e-16,0.00052230012688836436,0,1,1,0,,0,0
2,2200,483.85767748031668,9165.8742922692491,0.052789037035824896,4.6949687982078885,9253.2047873487227,0.0005073884028403867,1.5118172638438728e-12,9165.8742922692491,1.6493977722550494e-16,0.0005073884028403867,0,1,1,0,,0,0
2,2300,455.08364247989294,8886.5210090402416,0.051210551577713842,4.4156887156539772,8973.1767054852517,0.00049209871382056836,1.2195260323168296e-12,8886.5210090402434,1.3723323571465231e-16,0.00049209871382056836,0,1,1,0,,0,0
2,2400,428.00529123500604,8628.6600576178298,0.049602752730667693,4.1529057963880263,8714.703574163399,0.00047654010960283295,1.1181402805466581e-12,8628.6600576178353,1.2958446306614027e-16,0.00047654010960283295,0,1,1,0,,0,0
2,2500,402.5310357424687,8391.8524777931907,0.047966886549502652,3.9057218594072083,8477.078212020584,0.00046073915584131977,9.4106918599410889e-13,8391.8524777931852,1.1214081616477402e-16,0.00046073915584131977,0,1,1,0,,0,0
2,2600,378.57301384568791,8174.4677058095931,0.046311641010782403,3.6732735692668466,8259.0069367368851,0.00044475971474582012,1.3786234707992929e-12,8174.4677058095895,1.6864993788152176e-16,0.00044475971474582012,0,1,1,0,,0,0
2,2700,356.04642888404464,7973.839017571634,0.044651820547096474,3.4547294833949973,8057.558401301415,0.00042875636903072365,1.2724048558697735e-12,7973.8390175716395,1.5957242842071733e-16,0.00042875636903072365,0,1,1,0,,0,0
2,2800,334.87016922791514,7787.8544393919246,0.042999027759699861,3.2492988184195246,7870.8555474331097,0.00041282663604202534,7.5191027917475059e-13,7787.8544393919292,9.6549092567972966e-17,0.00041282663604202534,0,1,1,0,,0,0
2,2900,314.96711087349269,7615.4550290636935,0.04135893517477935,3.0562219507417137,7698.1027420419769,0.0003970097637240717,1.3861783965191452e-12,7615.455029063708,1.8202174278869987e-16,0.0003970097637240717,0,1,1,0,,0,0
2,3000,296.26185810249979,7455.9374678562444,0.039735024519684171,2.8747690385568734,7538.2680123269265,0.00038135670340400704,1.3705237942623807e-12,7455.9374678562554,1.8381642820516254e-16,0.00038135670340400704,0,1,1,0,,0,0
2,3100,278.68369946522063,7308.3081006152834,0.038132450852989948,2.7042551190460538,7390.4884093115224,0.0003659102036664955,8.727461968380582e-13,7308.3081006152934,1.1941836398010927e-16,0.0003659102036664955,0,1,1,0,,0,0
2,3200,262.1658817216591,7172.0780718956194,0.036553684872586339,2.544031533642809,7254.1548489100678,0.00035069992116656403,1.2313720379589005e-12,7172.0780718956266,1.7168971469846826e-16,0.00035069992116656403,0,1,1,0,,0,0
2,3300,246.64531669964421,7046.0800411720811,0.035004614659275991,2.3934880616731071,7128.1854702412338,0.00033577802817637769,1.1088858321342928e-12,7046.0800411720802,1.5737627527004862e-16,0.00033577802817637769,0,1,1,0,,0,0
2,3400,232.06271688740952,6929.7409322834901,0.03348793543006811,2.2520447903455336,7011.7579951757771,0.00032118119192005534,1.2579122242097225e-12,6929.7409322835065,1.8152370146328283e-16,0.00032118119192005534,0,1,1,0,,0,0
2,3500,218.36165145542822,6822.3566463434709,0.032006777536683302,2.1191543958366452,6904.2488983061057,0.00030693482043449511,1.195049119010906e-12,6822.3566463434772,1.7516661484582555e-16,0.00030693482043449511,0,1,1,0,,0,0
2,3600,205.48884925106347,6723.1617230923421,0.03056431746171772,1.9943005909187577,6805.0199491161775,0.00029306315129579798,1.0849401080126689e-12,6723.1617230923493,1.6137349549188676e-16,0.00029306315129579798,0,1,1,0,,0,0
2,3700,193.39404954893382,6631.6038255058738,0.029162485371203743,1.87699762118049,6713.4859979883959,0.00027958613777445972,1.1158900947471132e-12,6631.6038255058947,1.6826851001793477e-16,0.00027958613777445972,0,1,1,0,,0,0
2,3800,182.02994197132449,6547.2154634795734,0.027802650300221391,1.7667866358021072,6629.0926830787221,0.00026652012881219302,1.1326179273468391e-12,6547.2154634795952,1.7299231003845655e-16,0.00026652012881219302,0,1,1,0,,0,0
2,3900,171.35197103214895,6469.5675128241355,0.026485846340190571,1.6632353776266824,6551.3781676534691,0.00025387564800314521,1.1338191178983511e-12,6469.5675128241455,1.7525423695646814e-16,0.00025387564800314521,0,1,1,0,,0,0
2,4000,161.31827253018758,6397.9938280993401,0.025213883736757307,1.5659390837208109,6479.754395350692,0.00024166642563557542,1.1065606114975989e-12,6397.9938280993556,1.7295431055867767e-16,0.00024166642563557542,0,1,1,0,,0,0
2,4100,151.88944159651271,6332.1137604553978,0.023987162477256095,1.4745162211103102,6413.8053844850383,0.0002298972501842911,1.1900849081464932e-12,6332.1137604554106,1.8794433473047733e-16,0.0002298972501842911,0,1,1,0,,0,0
2,4200,143.02846740457076,6271.4640705398515,0.02280623245159703,1.3886078884606363,6353.1195097322716,0.00021857103212578384,1.1757638904437537e-12,6271.4640705398588,1.8747837462178778e-16,0.00021857103212578384,0,1,1,0,,0,0
2,4300,134.7005709395419,6215.761676068586,0.021670806887296685,1.3078773087816804,6297.3570957040711,0.00020768669918272344,1.1553187550756639e-12,6215.7616760685978,1.8586921688516065e-16,0.00020768669918272344,0,1,1,0,,0,0
2,4400,126.87318332886453,6164.6479073803894,0.020580767180063998,1.2320082059176052,6246.1686784551002,0.00019724222468841886,9.7665030990931481e-13,6164.6479073803766,1.5842758979633851e-16,0.00019724222468841886,0,1,1,0,,0,0
2,4500,119.51558103699662,6117.7603623909226,0.019535838927546345,1.1607057715029341,6199.2296338661599,0.00018723387260282179,8.4112696852495531e-13,6117.7603623909299,1.3748936190698191e-16,0.00018723387260282179,0,1,1,0,,0,0
2,4600,112.5992844601959,6074.8635607827409,0.018535277925762598,1.0936845599748761,6156.2659195697661,0.00017765388536876406,9.7527323000169014e-13,6074.8635607827564,1.6054240893535798e-16,0.00017765388536876406,0,1,1,0,,0,0
2,4700,106.09731814018387,6035.6878108640603,0.017578330998036681,1.0306752821105671,6117.0089426363029,0.00016849334237957933,1.1443599239074925e-12,6035.6878108640522,1.895989255520605e-16,0.00016849334237957933,0,1,1,0,,0,0
2,4800,99.984156628596963,5999.9210578989941,0.016664245356522847,0.97143049912011947,6081.1881945037776,0.00015974353498845925,1.0487630890075312e-12,5999.9210578990114,1.7479614796378269e-16,0.00015974353498845925,0,1,1,0,,0,0
2,4900,94.236134546293528,5967.3926645453339,0.015791844083964522,0.91572620177258979,6048.5801508049917,0.00015139523308634967,9.145552255773997e-13,5967.392664545343,1.5325876425245763e-16,0.00015139523308634967,0,1,1,0,,0,0
2,5000,88.832359644987875,5937.8138720513452,0.014960448670025224,0.86335567775056243,6018.9463657681863,0.00014343966955093047,8.1192110309703759e-13,5937.8138720513716,1.3673737853566946e-16,0.00014343966955093047,0,1,1,0,,0,0
2,5100,83.753071001983983,5911.0452088914089,0.014168910580484549,0.81411886462035499,5992.0994997239868,0.00013586537817969404,1.0127269594277302e-12,5911.0452088914299,1.7132789948965036e-16,0.00013586537817969404,0,1,1,0,,0,0
2,5200,78.977675776573705,5886.883109507351,0.013415872934358811,0.76781806050845436,5967.8462349734727,0.00012865915613053113,1.1347675075492277e-12,5886.8831095073547,1.9276202473199625e-16,0.00012865915613053113,0,1,1,0,,0,0
2,5300,74.487792866785298,5865.0719709476753,0.012700235092724634,0.72428310761963133,5945.9778634326176,0.00012181059604576162,9.8326306330600243e-13,5865.0719709476789,1.6764722891322452e-16,0.00012181059604576162,0,1,1,0,,0,0
2,5400,70.266690903947733,5845.5700810590924,0.012020502693420265,0.68334448728841612,5926.3753749963853,0.00011530563692800727,1.156617593914676e-12,5845.5700810591179,1.978622406157376e-16,0.00011530563692800727,0,1,1,0,,0,0
2,5500,66.297946378594588,5828.0939282604813,0.011375579596806983,0.64484467404067736,5908.8372136692096,0.00010913224560475719,9.5666851321007614e-13,5828.093928260495,1.6414775138938297e-16,0.00010913224560475719,0,1,1,0,,0,0
2,5600,62.566972474579401,5812.5796740701771,0.010764062771249338,0.60863881899893513,5893.2461609349257,0.00010327734535059341,1.0249120841334758e-12,5812.5796740701944,1.7632654373850371e-16,0.00010327734535059341,0,1,1,0,,0,0
2,5700,59.059154308644963,5798.8561257571555,0.010184621419786238,0.57458106407108989,5879.4541654763198,9.7726939933469252e-05,9.9360225323908238e-13,5798.8561257571682,1.7134452583255733e-16,9.7726939933469252e-05,0,1,1,0,,0,0
2,5800,55.758142056539377,5786.8375140496928,0.0096353391504713625,0.54252257457184272,5867.3444797431457,9.2464755809870691e-05,1.0276532074763922e-12,5786.8375140497201,1.7758459693768459e-16,9.2464755809870691e-05,0,1,1,0,,0,0
2,5900,52.650308541989084,5776.3329949270992,0.0091148326435175619,0.51234541215834484,5856.7850022045996,8.7478951671520944e-05,8.4834057342486548e-13,5776.3329949271092,1.4686490099685995e-16,8.7478951671520944e-05,0,1,1,0,,0,0
2,6000,49.723967667805248,5767.2576667488074,0.0086217697458688854,0.48393998780646202,5847.6603219228673,8.2757882839427588e-05,1.0328904219301444e-12,5767.2576667488302,1.7909559128687493e-16,8.2757882839427588e-05,0,1,1,0,,0,0
2,6100,46.968401972975592,5759.5522597496984,0.0081548703535883477,0.45720089359725224,5839.8842527204033,7.8289375921153495e-05,8.134122621431523e-13,5759.5522597497165,1.4122838468323914e-16,7.8289375921153495e-05,0,1,1,0,,0,0
2,6200,44.373287013045051,5753.0213362575332,0.0077130405780679494,0.43202808605631088,5833.3268996993183,7.4062039293319897e-05,1.0386466148471079e-12,5753.0213362575514,1.8053932953476008e-16,7.4062039293319897e-05,0,1,1,0,,0,0
2,6300,41.928947251780997,5747.6727292758042,0.0072949434017381791,0.40832843078861675,5827.9250219822543,7.0064118746972459e-05,8.7725376567610079e-13,5747.6727292758142,1.5262764722281457e-16,7.0064118746972459e-05,0,1,1,0,,0,0
2,6400,39.626314621807467,5743.3507041455941,0.0068995115679084153,0.38601429666044657,5823.5743409727856,6.6284771870185434e-05,1.0398043023423143e-12,5743.3507041455987,1.8104489102359269e-16,6.6284771870185434e-05,0,1,1,0,,0,0
2,6500,37.456853459064405,5740.0274688170939,0.0065255529982304284,0.36500320578846834,5820.2076525519378,6.2713089906410544e-05,9.3516122298420581e-13,5740.0274688171376,1.6291929403900866e-16,6.2713089906410544e-05,0,1,1,0,,0,0
2,6600,35.412756880864983,5737.6055243934788,0.0061720445454654113,0.34521409259344937,5817.7512932803711,5.9338062971543514e-05,5.995089766740471e-13,5737.6055243935089,1.0448766024872683e-16,5.9338062971543514e-05,0,1,1,0,,0,0
2,6700,33.487476004388981,5736.0242132730655,0.0058380987874666768,0.32657958604904147,5816.1422038170595,5.6150550417201193e-05,1.0731742092410352e-12,5736.0242132730955,1.8709373763759959e-16,5.6150550417201193e-05,0,1,1,0,,0,0
2,6800,31.675472647344264,5735.2333751640617,0.0055229614167946845,0.30903401699606708,5815.3187240136622,5.3141372238111067e-05,9.7365395280185002e-13,5735.2333751640726,1.6976710259397175e-16,5.3141372238111067e-05,0,1,1,0,,0,0
2,6900,29.969012614788248,5735.1729207318394,0.0052254767256370779,0.29250968857844761,5815.228340690689,5.0300636783542965e-05,6.3428143365523747e-13,5735.1729207318713,1.1059499729509397e-16,5.0300636783542965e-05,0,1,1,0,,0,0
2,7000,28.362523974907663,5735.7904251496666,0.0049448326861014254,0.2769484153993042,5815.8178421522616,4.7619857243811783e-05,8.900979611329815e-13,5735.7904251497093,1.5518313870572584e-16,4.7619857243811783e-05,0,1,1,0,,0,0
2,7100,26.850127976091159,5737.028938882584,0.0046801451172949508,0.26229412541306291,5817.0299816442985,4.5090729502982602e-05,9.8314475239090791e-13,5737.0289388826186,1.7136827491450508e-16,4.5090729502982602e-05,0,1,1,0,,0,0
2,7200,25.426492803048856,5738.8325885094237,0.004430603683048543,0.24849715994415411,5818.8079665781825,4.2705853393248468e-05,9.919464189575066e-13,5738.8325885094537,1.7284811913552348e-16,4.2705853393248468e-05,0,1,1,0,,0,0
2,7300,24.086049333622995,5741.1510326341095,0.0041953345586472103,0.23549795322380521,5821.0986520158522,4.0455928906522148e-05,1.070060027600676e-12,5741.1510326341349,1.8638423227645256e-16,4.0455928906522148e-05,0,1,1,0,,0,0
2,7400,22.821769429396777,5743.9305843279926,0.0039731972896164093,0.2232450914769771,5823.8509964591694,3.8332898903613333e-05,1.0839955918699298e-12,5743.9305843280163,1.8872017618519789e-16,3.8332898903613333e-05,0,1,1,0,,0,0
2,7500,21.628875360071955,5747.1228608567535,0.0037634266542976996,0.21169394978357334,5827.0188209851631,3.6329717868970713e-05,8.5181625074751496e-13,5747.1228608567781,1.4821611985175598e-16,3.6329717868970713e-05,0,1,1,0,,0,0
2,7600,20.503136156448512,5750.6865242186905,0.0035653371245503848,0.20080441096019613,5830.5572627305946,3.4440003229837834e-05,8.9901700628948013e-13,5750.6865242187187,1.5633211834853395e-16,3.4440003229837834e-05,0,1,1,0,,0,0
2,7700,19.440731223686505,5754.5682798951311,0.0033783127209745757,0.19053824611463077,5834.415279102077,3.2657642111473905e-05,8.6922141924553533e-13,5754.568279895173,1.51048936595704e-16,3.2657642111473905e-05,0,1,1,0,,0,0
2,7800,18.438001588052252,5758.7084804102724,0.0032017598478502351,0.1808630677363964,5838.5344448971136,3.0977477215103349e-05,8.7125294437648413e-13,5758.7084804103142,1.5129311499970326e-16,3.0977477215103349e-05,0,1,1,0,,0,0
2,7900,17.493110924417856,5763.057543680944,0.0030353871693678709,0.17175279513227945,5842.8622877162579,2.939531802646863e-05,8.4255000706386947e-13,5763.057543680985,1.4619843731869373e-16,2.939531802646863e-05,0,1,1,0,,0,0
2,8000,16.602521080482997,5767.5664712130756,0.002878600734529729,0.16316488118418679,5847.3514793789673,2.7904065927898715e-05,7.7098163155214422e-13,5767.5664712131011,1.3367537858475386e-16,2.7904065927898715e-05,0,1,1,0,,0,0
2,8100,15.762977607904654,5772.1923044859795,0.002730847618443711,0.15507184370771254,5851.9600889941039,2.6499128727716239e-05,1.0380423692299262e-12,5772.1923044860123,1.7983502878502228e-16,2.6499128727716239e-05,0,1,1,0,,0,0
2,8200,14.97184780267051,5776.9016680717014,0.0025916743373733124,0.14744580942282115,5856.6530929447972,2.5175779934864399e-05,1.0646220895921259e-12,5776.9016680717214,1.8428946012291869e-16,2.5175779934864399e-05,0,1,1,0,,0,0
2,8300,14.226401874766811,5781.6606710160549,0.002460608237713594,0.14026362509349385,5861.3996273885641,2.3930056643482208e-05,1.0079305716511432e-12,5781.6606710160913,1.7433236383172338e-16,2.3930056643482208e-05,0,1,1,0,,0,0
2,8400,13.523942430601569,5786.4460978324914,0.0023371759110773394,0.13349736618753003,5866.1732125841845,2.2757147010447949e-05,1.0522394764415755e-12,5786.4460978325224,1.8184555055921487e-16,2.2757147010447949e-05,0,1,1,0,,0,0
2,8500,12.860301618592649,5791.2343017451203,0.0022206495107126556,0.12711475450108614,5870.9516213777706,2.1651473679024352e-05,1.011675013725714e-12,5791.2343017451694,1.7469074138838573e-16,2.1651473679024352e-05,0,1,1,0,,0,0
2,8600,12.232996708955584,5796.0072889877338,0.0021105902906985584,0.1210952104097094,5875.7158189397478,2.0609439622551489e-05,8.839318382501265e-13,5796.007288987762,1.5250702667844641e-16,2.0609439622551489e-05,0,1,1,0,,0,0
2,8700,11.64031534738559,5800.7498844907695,0.0020066914759603463,0.11542244794837273,5880.4503051310076,1.9628164844393031e-05,1.0021680927173897e-12,5800.7498844908068,1.7276526529730916e-16,1.9628164844393031e-05,0,1,1,0,,0,0
2,8800,11.081487100174753,5805.4472731016804,0.0019088084998236904,0.11008415362564034,5885.1423399634896,1.8705436039856818e-05,9.3315417521284341e-13,5805.4472731017349,1.6073768847000099e-16,1.8705436039856818e-05,0,1,1,0,,0,0
2,8900,10.554174618128934,5810.0913856176521,0.0018165247183985478,0.10505528020334805,5889.7808504036329,1.7836874218528606e-05,1.1000282218737944e-12,5810.0913856177058,1.8933062302544898e-16,1.7836874218528606e-05,0,1,1,0,,0,0
2,9000,10.056751064979682,5814.6699042559103,0.0017295480621554941,0.10031884474951139,5894.3562895484647,1.7019474192184655e-05,9.5162463923446384e-13,5814.6699042559658,1.6365927127487248e-16,1.7019474192184655e-05,0,1,1,0,,0,0
2,9100,9.5877121795010005,5819.1775638717581,0.0016476060533065894,0.095861616838306407,5898.8617403821527,1.6250866871834174e-05,8.9997683993119182e-13,5819.1775638718136,1.5465705076928234e-16,1.6250866871834174e-05,0,1,1,0,,0,0
2,9200,9.1455783302286751,5823.6081427077997,0.0015704316132053935,0.09167172269659167,5903.2917116277858,1.5528916268194023e-05,9.5789244969318614e-13,5823.6081427078416,1.6448435853168318e-16,1.5528916268194023e-05,0,1,1,0,,0,0
2,9300,8.7277409478147074,5827.9591644452494,0.0014975638472315004,0.08772602783800601,5907.6402036203071,1.4849588806076229e-05,7.3350186780084672e-13,5827.959164445303,1.2585912960333179e-16,1.4849588806076229e-05,0,1,1,0,,0,0
2,9400,8.3325304891580512,5832.2235108922805,0.0014287056169222921,0.084014964265450617,5911.9047431496938,1.4211149860423807e-05,1.0989997260539298e-12,5832.223510892316,1.8843580394362929e-16,1.4211149860423807e-05,0,1,1,0,,0,0
2,9500,7.9596599337787479,5836.4004741954195,0.0013637960535729057,0.080535565937000814,5916.0829336624611,1.3612987992232856e-05,1.0526068995214644e-12,5836.4004741954805,1.8035206874088968e-16,1.3612987992232856e-05,0,1,1,0,,0,0
2,9600,7.6077149622538878,5840.4893619811482,0.0013025817685375048,0.077279096393343766,5920.172138813231,1.3053521853983671e-05,9.6797268630181828e-13,5840.4893619811901,1.6573485992507073e-16,1.3053521853983671e-05,0,1,1,0,,0,0
2,9700,7.2755574426635556,5844.4873032308324,0.0012448581141825097,0.074231320531564046,5924.1712073698845,1.2530245655158916e-05,1.0274568906502071e-12,5844.4873032308715,1.7579931948559834e-16,1.2530245655158916e-05,0,1,1,0,,0,0
2,9800,6.9623151599734721,5848.3933798336066,0.0011904662883965506,0.071382162663276169,5928.0790517974074,1.2041364840037505e-05,1.0758169020085851e-12,5848.3933798336557,1.8395084464020516e-16,1.2041364840037505e-05,0,1,1,0,,0,0
2,9900,6.6669050705256589,5852.2080733064804,0.0011392118986567198,0.068715601124288483,5931.8958733427726,1.1584087548314552e-05,1.1574453571932525e-12,5852.2080733065286,1.9777925574325825e-16,1.1584087548314552e-05,0,1,1,0,,0,0
2,10000,6.387624429964144,5855.9322201065179,0.001090795485649927,0.066216190570078909,5935.6215929216569,1.1155729780524249e-05,1.0586328970291711e-12,5855.9322201065797,1.8077956800700532e-16,1.1155729780524249e-05,0,1,1,0,,0,0
2,10100,6.1244200041191892,5859.56665684779,0.0010452001594626248,0.063879161681987554,5939.2561215634587,1.0755414545950226e-05,9.4931810753933562e-13,5859.5666568478327,1.6201165771020061e-16,1.0755414545950226e-05,0,1,1,0,,0,0
2,10200,5.876519128839667,5863.1094609877055,0.0010022871256184431,0.06169161234497781,5942.8004398269022,1.0380899202258039e-05,9.4427235802763731e-13,5863.10946098776,1.6105316885360613e-16,1.0380899202258039e-05,0,1,1,0,,0,0
2,10300,5.6430226284223606,5866.5638428646425,0.00096189571605631303,0.059642997617329933,5946.2559216513,1.003034487637169e-05,1.0076662093595827e-12,5866.5638428646935,1.7176429616208364e-16,1.003034487637169e-05,1,1,1,1,,0,0
3,100,1760.8268731856465,5167.916580561202,0.34072277401088241,11.591551828692689,5259.5734819993377,0.002203895785155255,8.9514970231752067e-13,5167.9165805612647,1.7321287763903928e-16,0.002203895785155255,0,0,1,0,,0,0
3,200,971.00183005555709,4905.0660644931213,0.19795897084535971,8.4444546924266159,5011.3091429705473,0.0016850795773140045,9.2749290168145197e-13,4905.0660644931886,1.8908876852758238e-16,0.0016850795773140045,0,0,1,0,,0,0
3,300,754.93885615238833,4769.56284645305,0.15828261005383518,6.8310014246581163,4880.4255576348414,0.0013996733161869117,8.5057951570906851e-13,4769.5628464530982,1.783349005122356e-16,0.0013996733161869117,0,0,1,0,,0,0
3,400,624.6243395697295,4695.5327827223819,0.13302523238003761,5.7498329929451417,4807.4956722447996,0.0011960141797195481,7.1526738283713982e-13,4695.5327827224337,1.5232933427044105e-16,0.0011960141797195481,0,0,1,0,,0,0
3,500,532.26446343697387,4651.6921353752759,0.11442383716437274,4.9514488296759183,4766.8348727977409,0.0010387288340805948,8.2584142085265016e-13,4651.6921353753305,1.7753570030403905e-16,0.0010387288340805948,0,0,1,0,,0,0
3,600,462.23043092573351,4637.6755408199197,0.099668557417885537,4.332824106460663,4752.1340007345761,0.00091176387403867467,8.3748682294066892e-13,4637.6755408199815,1.8058331497519852e-16,0.00091176387403867467,0,1,1,0,,0,0
3,700,407.09780787727362,4638.5843932118569,0.08776337204795151,3.8398323297933281,4751.7966983031065,0.00080808009550672783,7.1880903373625359e-13,4638.5843932119187,1.5496301733523598e-16,0.00080808009550672783,0,1,1,0,,0,0
3,800,362.77617736572381,4646.9052990177679,0.078068338823776992,3.441762547332015,4761.1961175184861,0.00072287771021829826,8.5186681499472368e-13,4646.9052990178134,1.8331916838821253e-16,0.00072287771021829826,0,1,1,0,,0,0
3,900,326.86292476465957,4661.2095205066889,0.07012405757060422,3.1161078028883691,4777.4444056819621,0.00065225412130014235,8.4822873617082859e-13,4661.2095205067244,1.8197610136148028e-16,0.00065225412130014235,0,1,1,0,,0,0
3,1000,297.05977322253005,4683.4441169957518,0.063427632699732603,2.8418193375215961,4798.9880701671173,0.00059217053594855761,8.6780076151771256e-13,4683.4441169958036,1.8529115322814262e-16,0.00059217053594855761,0,1,1,0,,0,0
3,1100,271.65085710001921,4712.6238237041935,0.057643229602505709,2.6055416028245015,4825.4433284128427,0.00053995901008363956,8.504626463381711e-13,4712.6238237042508,1.8046478525622787e-16,0.00053995901008363956,0,1,1,0,,0,0
3,1200,249.58478491172315,4746.6233016679817,0.052581544615941632,2.3988392712201989,4856.6654416370111,0.00049392722229835834,7.2689448975465172e-13,4746.6233016680344,1.5313928314033476e-16,0.00049392722229835834,0,1,1,0,,0,0
3,1300,230.17235565909081,4782.2731499446772,0.048130323894559124,2.2162756480811563,4891.3636241782606,0.00045309975261826626,8.8935251716166548e-13,4782.2731499447254,1.8596857378837609e-16,0.00045309975261826626,0,1,1,0,,0,0
3,1400,212.97397648360729,4821.0605635092979,0.044175752135455736,2.0541322029745439,4929.4926191828908,0.00041670256183790278,8.753645077092819e-13,4821.0605635093561,1.8157094194894014e-16,0.00041670256183790278,0,1,1,0,,0,0
3,1500,197.66880945998844,4864.0070297436068,0.040639087947701429,1.9098234499042761,4970.8865617441434,0.00038420177692290229,6.8605534158612454e-13,4864.0070297436541,1.4104735815365e-16,0.00038420177692290229,0,1,1,0,,0,0
3,1600,184.03706841219943,4907.8752575158278,0.037498318265193994,1.7813956442419587,5013.8175949361421,0.00035529725812944086,9.2219263441274349e-13,4907.875257515876,1.8790058549277634e-16,0.00035529725812944086,0,1,1,0,,0,0
3,1700,171.90651038305452,4952.6679667660164,0.034709879914543454,1.6673661249699494,5057.5701060855963,0.00032967731341255487,8.9025753777273057e-13,4952.6679667660628,1.7975312371970717e-16,0.00032967731341255487,0,1,1,0,,0,0
3,1800,161.14394687444172,4997.133931945099,0.032247273951234202,1.5665987656472313,5101.2079406359071,0.00030710349075712095,8.0654842414633863e-13,4997.1339319451472,1.6140220276873539e-16,0.00030710349075712095,0,1,1,0,,0,0
3,1900,151.65136601453608,5040.7740594288771,0.03008493620753918,1.4782058623534244,5143.8213805316664,0.00028737503754468175,9.0270492500183025e-13,5040.7740594289271,1.7908061626235601e-16,0.00028737503754468175,0,1,1,0,,0,0
3,2000,143.32671760393274,5083.0571038051676,0.028196952085515349,1.4004505978090265,5185.2000689473443,0.00027008612574004961,9.4323183464432419e-13,5083.0571038052267,1.8556388712182902e-16,0.00027008612574004961,0,1,1,0,,0,0
3,2100,135.95259425730453,5124.4131774328253,0.026530373244690746,1.3308591205900726,5225.7619605975278,0.00025467274066917096,6.654574686546507e-13,5124.4131774328707,1.2986022898879881e-16,0.00025467274066917096,0,1,1,0,,0,0
3,2200,129.30904332182538,5165.3539961390179,0.025033917020688395,1.2677285535774585,5265.8143956048725,0.00024074691174751087,7.6341316823409162e-13,5165.3539961390816,1.4779493695973515e-16,0.00024074691174751087,0,1,1,0,,0,0
3,2300,123.25410837678392,5206.1104235594667,0.023674893221437652,1.2097192987359475,5305.417443237453,0.00022801585580752283,9.0304450321030202e-13,5206.1104235595249,1.7345857650727123e-16,0.00022801585580752283,0,1,1,0,,0,0
3,2400,117.65218717368595,5245.9002760520007,0.022427454008376521,1.1553179872189623,5344.2208736092962,0.000216180808118191,8.8817372094366902e-13,5245.900276052068,1.6930815955428076e-16,0.000216180808118191,0,1,1,0,,0,0
3,2500,112.37660729524447,5284.6897952105792,0.021264560768938491,1.1039599046500383,5382.2278556460878,0.00020511207148020638,1.0081957294654599e-12,5284.6897952106219,1.907767094256245e-16,0.00020511207148020638,0,1,1,0,,0,0
3,2600,107.39796193857937,5322.5398103507096,0.020177953714826752,1.0554596577804511,5419.4134332369495,0.00019475533114107481,9.318370289478165e-13,5322.5398103507732,1.750737546642052e-16,0.00019475533114107481,0,1,1,0,,0,0
3,2700,102.7038238848578,5359.672387027972,0.019162332409240555,1.009703063040833,5455.9898106227147,0.00018506322373897384,8.0479479404794616e-13,5359.6723870280175,1.5015746036936624e-16,0.00018506322373897384,0,1,1,0,,0,0
3,2800,98.282753472675054,5396.3826076869236,0.018212710368733925,0.96653919525492193,5492.1399272586277,0.00017598590131649556,9.2344799510351257e-13,5396.38260768698,1.711235214842049e-16,0.00017598590131649556,0,1,1,0,,0,0
3,2900,94.105648933224387,5433.0593329113963,0.017320931572230094,0.92567149365086787,5528.1193177909363,0.00016744781370253977,7.9489739532433038e-13,5433.0593329114436,1.4630751232719638e-16,0.00016744781370253977,0,1,1,0,,0,0
3,3000,90.14110416143113,5468.9691045026748,0.016482284401134532,0.88682534917128253,5563.5101620628902,0.00015940032881012249,9.5519885228367922e-13,5468.9691045027294,1.7465793534968808e-16,0.00015940032881012249,0,1,1,0,,0,0
3,3100,86.366934562872345,5503.9648509145309,0.015691767099225158,0.8498019116294433,5598.2217970171978,0.00015179854290200297,9.9659288654787588e-13,5503.9648509145918,1.8106817785768971e-16,0.00015179854290200297,0,1,1,0,,0,0
3,3200,82.765677805517967,5538.0023845056694,0.014945041922892881,0.81444364472796849,5632.2027505147189,0.00014460481641104586,8.9871480684425986e-13,5538.0023845057121,1.6228140481822373e-16,0.00014460481641104586,0,1,1,0,,0,0
3,3300,79.323407551010959,5571.156730092961,0.014238229400824514,0.78062147641774071,5665.3264972311727,0.000137789318373664,1.0731345030099156e-12,5571.1567300930128,1.9262328363754348e-16,0.000137789318373664,0,1,1,0,,0,0
3,3400,76.028610635139614,5603.3975490850162,0.013568305651908349,0.74823088610301181,5697.5573322689506,0.00013132485422573926,1.0793934308127911e-12,5603.3975490850671,1.9263195612259145e-16,0.00013132485422573926,0,1,1,0,,0,0
3,3500,72.872002831745846,5634.8737927623633,0.012932322091285397,0.71718304883116657,5729.0036068344161,0.00012518460417368265,1.0241740066224136e-12,5634.8737927624288,1.8175633462064191e-16,0.00012518460417368265,0,1,1,0,,0,0
3,3600,69.845499495034716,5665.8719663816564,0.012327405191903675,0.68740483132417274,5759.8395631135672,0.00011934444072476661,9.5804392679213533e-13,5665.8719663817192,1.6909028874578531e-16,0.00011934444072476661,0,1,1,0,,0,0
3,3700,66.942216127063674,5696.3761235051297,0.01175171980846524,0.65882788224708366,5789.9901494881324,0.0001137873925925984,9.7845399457269233e-13,5696.3761235051816,1.7176779997641992e-16,0.0001137873925925984,0,1,1,0,,0,0
3,3800,64.155721811154805,5726.1878915340112,0.011203914895284352,0.6313901235850724,5819.3739500724532,0.00010849794651488436,1.0443696906816579e-12,5726.1878915340594,1.8238481001046383e-16,0.00010849794651488436,0,1,1,0,,0,0
3,3900,61.479992266892921,5755.1888993276852,0.010682532466323554,0.60504015764913577,5847.9846644744866,0.00010346131058185771,9.7017246419129022e-13,5755.1888993277562,1.6857352228779366e-16,0.00010346131058185771,0,1,1,0,,0,0
3,4000,58.910733794015421,5783.2599990788231,0.010186423194426485,0.57973173168885828,5875.7357188983797,9.8665385821258492e-05,9.3194972498738279e-13,5783.2599990788904,1.6114608804304423e-16,9.8665385821258492e-05,0,1,1,0,,0,0
3,4100,56.441248731159725,5810.4751903901461,0.0097137061740676604,0.55541916911148714,5902.6287832691578,9.4096916730695954e-05,1.0756512621217112e-12,5810.4751903901924,1.8512276997597466e-16,9.4096916730695954e-05,0,1,1,0,,0,0
3,4200,54.066760898655616,5836.736245181246,0.0092631838458166783,0.53205450332415805,5928.6724473793292,8.9742603938145353e-05,8.6279207316499774e-13,5836.7362451813087,1.4782098023999311e-16,8.9742603938145353e-05,0,1,1,0,,0,0
3,4300,51.784081470349754,5862.2396727532087,0.0088334978371891245,0.50959939194754067,5953.9469382622092,8.5590180300847371e-05,1.0825744055538433e-12,5862.2396727532587,1.8466907973508384e-16,8.5590180300847371e-05,0,1,1,0,,0,0
3,4400,49.590222282673366,5886.958695360011,0.0084237421814695995,0.48802293949313236,5978.4886787797914,8.1629817452918182e-05,7.5816877681723774e-13,5886.9586953600729,1.2878785397539887e-16,8.1629817452918182e-05,0,1,1,0,,0,0
3,4500,47.481623702185949,5910.9466152493187,0.0080328290530810708,0.46728365268769761,6002.3235914796714,7.785046000369076e-05,8.9881286689565143e-13,5910.9466152493624,1.5205903984597797e-16,7.785046000369076e-05,0,1,1,0,,0,0
3,4600,45.453827609225122,5934.2576953199605,0.0076595641684169165,0.44735167718184327,6025.476931457456,7.4243364014280077e-05,1.0943294483277085e-12,5934.2576953200114,1.8440881817295189e-16,7.4243364014280077e-05,0,1,1,0,,0,0
3,4700,43.50447152023564,5956.7839919873386,0.0073033488504459622,0.42820306044506529,6047.9108861878458,7.0801813800363837e-05,6.4236674620743017e-13,5956.7839919874004,1.0783784456033518e-16,7.0801813800363837e-05,0,1,1,0,,0,0
3,4800,41.631252461194585,5978.5779435708391,0.0069634038151101512,0.40981469295708128,6069.6516775661294,6.75186509419949e-05,9.2954510369397153e-13,5978.5779435709155,1.5547929833273497e-16,6.75186509419949e-05,0,1,1,0,,0,0
3,4900,39.831895307093546,5999.7683022311094,0.0066389055877843521,0.39216374499140549,6090.7237845687841,6.4387051336160737e-05,1.0306707676449416e-12,5999.7683022311794,1.7178509497802744e-16,6.4387051336160737e-05,0,1,1,0,,0,0
3,5000,38.10413998547449,6020.3328529342843,0.006329241408455131,0.37522785841775635,6111.14743420987,6.140055733514974e-05,1.1104727161737217e-12,6020.3328529343316,1.8445370767705534e-16,6.140055733514974e-05,0,1,1,0,,0,0
3,5100,36.445741257589823,6040.2387655572975,0.006033824600678213,0.35898464568207872,6130.9069515009078,5.8553269283298398e-05,1.0523233229095353e-12,6040.2387655573575,1.7421882871751563e-16,5.8553269283298398e-05,0,1,1,0,,0,0
3,5200,34.854490891251892,6059.4614272504568,0.005752077360292312,0.34341185307740668,6150.0393874771635,5.5838968084768521e-05,1.1377476057798606e-12,6059.4614272505114,1.8776381687375722e-16,5.5838968084768521e-05,0,1,1,0,,0,0
3,5300,33.32820677423026,6078.0725787917281,0.0054833512338307152,0.32848817493700255,6168.5506171687912,5.3252083888673729e-05,1.0741474301921561e-12,6078.0725787917845,1.7672500883588955e-16,5.3252083888673729e-05,0,1,1,0,,0,0
3,5400,31.864699656714134,6096.0456186121046,0.0052271097774312285,0.31419205877474138,6186.4416633612482,5.078720141103424e-05,1.1633392206912389e-12,6096.0456186121664,1.9083505824487026e-16,5.078720141103424e-05,0,1,1,0,,0,0
3,5500,30.461831317827421,6113.40729228702,0.0049827910789224843,0.30050232911910535,6203.7208082251309,4.8439047856681083e-05,1.0733676758013528e-12,6113.4072922870682,1.7557601260357028e-16,4.8439047856681083e-05,0,1,1,0,,0,0
3,5600,29.117505972942936,6130.1747036661036,0.0047498656042428023,0.28739840174580333,6220.4148447441867,4.6202449341242053e-05,8.7474561091027193e-13,6130.1747036661554,1.4269505408828393e-16,4.6202449341242053e-05,0,1,1,0,,0,0
3,5700,27.829670353963664,6146.3631723560211,0.0045278272001776304,0.27485951045536905,6236.5509534968642,4.4072358665049308e-05,1.0363315972516593e-12,6146.3631723560684,1.6860891037364541e-16,4.4072358665049308e-05,0,1,1,0,,0,0
3,5800,26.596531467682127,6161.9785603811806,0.0043162323930638381,0.26286288707375788,6252.1346385765182,4.2043702234410985e-05,9.4499846055746815e-13,6161.9785603812506,1.5335958268881087e-16,4.2043702234410985e-05,0,1,1,0,,0,0
3,5900,25.416403061952757,6177.0604112895817,0.0041146437576521271,0.2513870599443771,6267.1889064534544,4.0111613627206708e-05,9.8109379710500759e-13,6177.0604112896381,1.5882859026469781e-16,4.0111613627206708e-05,0,1,1,0,,0,0
3,6000,24.287586906192548,6191.6300486221035,0.0039226482712088964,0.24041469809458629,6281.7278870680575,3.8272065014073344e-05,1.0572732006529915e-12,6191.6300486221489,1.7075845816858377e-16,3.8272065014073344e-05,0,1,1,0,,0,0
3,6100,23.20845908365089,6205.7045697174381,0.0037398588384151251,0.22992887925695307,6295.7745227495707,3.6521142621310972e-05,1.1132877350944731e-12,6205.7045697175054,1.793974757559482e-16,3.6521142621310972e-05,0,1,1,0,,0,0
3,6200,22.176962699906841,6219.310506639199,0.0035658233619679592,0.21990921748046285,6309.343627532473,3.4854531701337583e-05,9.2280565513244012e-13,6219.3105066392391,1.4837748559865704e-16,3.4854531701337583e-05,0,1,1,0,,0,0
3,6300,21.191305150776284,6232.4466482160997,0.0034001582920636518,0.21034014774076068,6322.4457522103794,3.3268794385024816e-05,9.7568294904976034e-13,6232.4466482161661,1.5654894524111451e-16,3.3268794385024816e-05,0,1,1,0,,0,0
3,6400,20.250170161987793,6245.1294246868101,0.0032425541225678165,0.20120608430567996,6335.0975380950804,3.176053456095346e-05,9.2014450715809581e-13,6245.1294246868883,1.4733794043095096e-16,3.176053456095346e-05,0,1,1,0,,0,0
3,6500,19.351686637637201,6257.382219385383,0.0030926170016729419,0.19248927576151942,6347.3212899428027,3.0326064645020356e-05,1.1621851431710444e-12,6257.3822193854567,1.8573024667896724e-16,3.0326064645020356e-05,0,1,1,0,,0,0
3,6600,18.49437331238488,6269.2188485622237,0.0029500283462949072,0.18417614918596187,6359.1271283047972,2.8962488950124067e-05,9.5976689493311191e-13,6269.2188485622673,1.530919430501644e-16,2.8962488950124067e-05,0,1,1,0,,0,0
3,6700,17.676794663638383,6280.6484808200621,0.0028144855929479323,0.17625130151308613,6370.5246679722341,2.7666685351551693e-05,1.218448301370182e-12,6280.6484808201149,1.9400039742569376e-16,2.7666685351551693e-05,0,1,1,0,,0,0
3,6800,16.89644466645214,6291.6865123107027,0.0026855191582402451,0.16868986944918393,6381.5286977835476,2.6434084596026939e-05,1.1396257570271586e-12,6291.6865123107691,1.8113199931326592e-16,2.6434084596026939e-05,0,1,1,0,,0,0
3,6900,16.150466345062952,6302.3454124853806,0.002562612057579035,0.16147553629289788,6392.1525811667998,2.5261527199562364e-05,1.2164387005621073e-12,6302.3454124854534,1.9301365141812829e-16,2.5261527199562364e-05,0,1,1,0,,0,0
3,7000,15.437456185303128,6312.6324447254356,0.002445486303927295,0.15459552102871044,6402.4085745852808,2.4146462886230975e-05,9.5425692930583845e-13,6312.6324447255065,1.5116624287275966e-16,2.4146462886230975e-05,0,1,1,0,,0,0
3,7100,14.756087322443705,6322.5652474190638,0.0023338766378832219,0.1480374286116099,6412.3115050665774,2.3086437471829103e-05,1.1860443428771063e-12,6322.5652474191202,1.875891029137661e-16,2.3086437471829103e-05,0,1,1,0,,0,0
3,7200,14.105048441420546,6332.1562123997955,0.0022275269226301885,0.14179046485324923,6421.8730822887483,2.207930039045793e-05,9.3754300689293055e-13,6332.1562123998492,1.4806062507696844e-16,2.207930039045793e-05,0,1,1,0,,0,0
3,7300,13.483085565913157,6341.4175588607422,0.0021261942524307517,0.13584214268317546,6431.1052913134872,2.1122674335103462e-05,1.2003005917820176e-12,6341.4175588608095,1.8927953894233753e-16,2.1122674335103462e-05,0,1,1,0,,0,0
3,7400,12.889154135287795,6350.3653443101357,0.0020296712766040064,0.13018124176515741,6440.0215576096834,2.021441086813322e-05,8.6292932108981491e-13,6350.3653443101794,1.3588656310348902e-16,2.021441086813322e-05,0,1,1,0,,0,0
3,7500,12.322544429778477,6359.0051835344666,0.0019378100935796615,0.12479936329314173,6448.6330302364449,1.9352840006243285e-05,1.1603047463335241e-12,6359.0051835345312,1.8246639416774166e-16,1.9352840006243285e-05,0,1,1,0,,0,0
3,7600,11.782406804097743,6367.3481425133241,0.0018504417444099395,0.11968447606762468,6456.9510143847729,1.8535757170991698e-05,1.1869320901570363e-12,6367.3481425133832,1.8640917122658203e-16,1.8535757170991698e-05,0,1,1,0,,0,0
3,7700,11.267434059935878,6375.4103172191162,0.0017673268855345782,0.11482090847719624,6464.9863869911287,1.7760425406036328e-05,9.738639041850382e-13,6375.4103172191953,1.5275313363827769e-16,1.7760425406036328e-05,0,1,1,0,,0,0
3,7800,10.7765917675162,6383.1967402433065,0.0016882750455699462,0.11019919027403077,6472.7488962307998,1.7025098924848108e-05,8.2327057336674674e-13,6383.1967402433602,1.2897465123961689e-16,1.7025098924848108e-05,0,1,1,0,,0,0
3,7900,10.309138998334724,6390.7201340961483,0.001613141990576742,0.1058101133364929,6480.2480198514568,1.6328096241433416e-05,9.9546348405034693e-13,6390.7201340961965,1.5576702831020305e-16,1.6328096241433416e-05,0,1,1,0,,0,0
3,8000,9.8640654215738888,6397.9899338079867,0.0015417444421802875,0.1016439764384426,6487.4947896331332,1.5667677544938816e-05,1.1278870348841211e-12,6397.9899338080486,1.7628771638482542e-16,1.5667677544938816e-05,0,1,1,0,,0,0
3,8100,9.4406363775528881,6405.0158785177036,0.0014739442581581407,0.097693889187650276,6494.4982947031449,1.504256137342103e-05,1.1532077249308916e-12,6405.0158785177637,1.8004759813300647e-16,1.504256137342103e-05,0,1,1,0,,0,0
3,8200,9.037789102523865,6411.8062523198168,0.0014095543044916488,0.093948304307059874,6501.266827450565,1.4450768873287604e-05,1.1590615298188176e-12,6411.8062523198578,1.8076989294544843e-16,1.4450768873287604e-05,0,1,1,0,,0,0
3,8300,8.6534304239822593,6418.3695209197813,0.0013482287667884512,0.090391444336721152,6507.809054837071,1.3889689075855067e-05,9.7249294239639154e-13,6418.369520919834,1.5151713207329031e-16,1.3889689075855067e-05,0,1,1,0,,0,0
3,8400,8.2866360930876724,6424.7161641221537,0.0012898057877425194,0.087015125346281308,6514.134126143309,1.3357895870928064e-05,9.0379743619695141e-13,6424.716164122211,1.4067507623824102e-16,1.3357895870928064e-05,0,1,1,0,,0,0
3,8500,7.9367860494276012,6430.8512106096296,0.0012341734848931784,0.08381202781730554,6520.2490151256534,1.285411456263076e-05,9.5904413950691171e-13,6430.8512106096923,1.4913175691651358e-16,1.285411456263076e-05,0,1,1,0,,0,0
3,8600,7.6036361871300135,6436.7843369238944,0.0011812786927647403,0.08077720179493994,6526.1617984464738,1.2377443938666771e-05,6.4798644304719629e-13,6436.7843369239563,1.0066927974114158e-16,1.2377443938666771e-05,0,1,1,0,,0,0
3,8700,7.2865277039533565,6442.5218691334248,0.0011310055056023361,0.077906620094887108,6531.8792749568329,1.192713717070375e-05,1.2598864966499959e-12,6442.5218691334903,1.9555796972707036e-16,1.192713717070375e-05,0,1,1,0,,0,0
3,8800,6.9846225248260421,6448.0699956871986,0.0010832113375781772,0.075186087619281305,6537.4084969682008,1.1500900953971245e-05,8.6690078054092539e-13,6448.0699956872513,1.3444345069466464e-16,1.1500900953971245e-05,0,1,1,0,,0,0
3,8900,6.6973321555390104,6453.4357216245917,0.001037793269265417,0.07260523152478203,6542.7564926988462,1.1097040155139997e-05,1.0424962517962828e-12,6453.4357216246462,1.6154127766439353e-16,1.1097040155139997e-05,0,1,1,0,,0,0
3,9000,6.4241074643814189,6458.6261091912347,0.00099465541986387901,0.070156346858277568,6547.9297557165737,1.0714279089055376e-05,1.0359050856695307e-12,6458.6261091912966,1.6039093580526823e-16,1.0714279089055376e-05,1,1,1,1,,0,0
4,100,1537.5969323224149,6055.7548736785011,0.2539067324216871,9.3764605020141438,6125.3082886213197,0.0015307736460273074,1.0752669576619486e-12,6055.7548736785538,1.7756117611953146e-16,0.0015307736460273074,0,0,1,0,,0,0
4,200,772.75973662903027,5999.4783488144249,0.12880448794047863,6.6250187665160647,6074.6820604199756,0.0010905951456590373,1.1185100083105522e-12,5999.4783488144731,1.864345436852148e-16,0.0010905951456590373,0,0,1,0,,0,0
4,300,588.3759570347122,6005.1611576224386,0.097978379196015083,5.2805367664886429,6082.1012847421362,0.00086820927822028578,1.0054035948338445e-12,6005.161157622485,1.6742324950891005e-16,0.00086820927822028578,0,1,1,0,,0,0
4,400,480.81952171715182,6027.5986649241713,0.079769664247080499,4.4042069434178135,6103.5308597458979,0.0007215834644933981,1.1998589862845271e-12,6027.5986649242022,1.9906086204225002e-16,0.0007215834644933981,0,1,1,0,,0,0
4,500,406.75827273700696,6049.7649015326278,0.067235385069915721,3.7730278991348691,6126.6584827125835,0.00061583780290367317,1.0875549202143039e-12,6049.7649015326742,1.7976812949190438e-16,0.00061583780290367317,0,1,1,0,,0,0
4,600,351.91230160220169,6072.8863527675139,0.057948112505321211,3.2945557337168117,6150.8208814100462,0.00053562862538789307,1.0239947156878639e-12,6072.8863527675485,1.6861746724787742e-16,0.00053562862538789307,0,1,1,0,,0,0
4,700,309.75321458188245,6097.2789966022783,0.050801876501713812,2.9233014327337998,6174.9062010297657,0.00047341633015353206,1.0872784733301547e-12,6097.2789966023056,1.7832191604419579e-16,0.00047341633015353206,0,1,1,0,,0,0
4,800,276.78149344778376,6121.0696914291038,0.045217830771530194,2.6293388086169962,6198.219410573809,0.00042420873390372309,9.4433827217282895e-13,6121.0696914291429,1.5427667381325722e-16,0.00042420873390372309,0,1,1,0,,0,0
4,900,250.23965826920966,6146.7722919311245,0.040710741570449835,2.3880548073546723,6223.3787548691907,0.00038372319947363817,1.2402615031565465e-12,6146.7722919311682,2.0177443449216925e-16,0.00038372319947363817,0,1,1,0,,0,0
4,1000,228.0858246278072,6172.4910918137293,0.036951989275497893,2.183773965020372,6248.2063168420309,0.00034950413835311623,1.2138546686907425e-12,6172.4910918137766,1.9665555618226955e-16,0.00034950413835311623,0,1,1,0,,0,0
4,1100,209.10246379565319,6196.1106529203462,0.033747374039729126,2.0069837799235635,6271.3637384242984,0.00032002350104920322,1.1340310162132384e-12,6196.1106529203989,1.8302304134590269e-16,0.00032002350104920322,0,1,1,0,,0,0
4,1200,192.53925291813937,6217.6377814945035,0.030966624252572596,1.8518361914269972,6292.4875836230594,0.00029429318164196606,1.0404341042405339e-12,6217.6377814945463,1.6733591450713982e-16,0.00029429318164196606,0,1,1,0,,0,0
4,1300,177.92748488812879,6237.63869471623,0.028524814211962509,1.7145490702269117,6311.97530225029,0.00027163431225969085,1.1205985031437628e-12,6237.6386947162709,1.7965107599018045e-16,0.00027163431225969085,0,1,1,0,,0,0
4,1400,164.95801970489853,6256.499864025991,0.026365863228637522,1.5926135163847366,6330.2807462390274,0.0002515865536186443,1.134514017904927e-12,6256.4998640260219,1.8133365980365798e-16,0.0002515865536186443,0,1,1,0,,0,0
4,1500,153.41883832634255,6274.2688533231203,0.02445206635432675,1.4841849307054946,6347.4732084094858,0.00023382295316176581,1.0683511985571715e-12,6274.2688533231676,1.7027501108616332e-16,0.00023382295316176581,0,1,1,0,,0,0
4,1600,143.15182551006077,6291.237066461289,0.022754161701075616,1.3879047454065687,6363.7721954608242,0.00021809466190454442,1.0617734969720281e-12,6291.2370664613281,1.6877022527609988e-16,0.00021809466190454442,0,1,1,0,,0,0
4,1700,134.03538895774608,6307.3404374827678,0.021250698338908598,1.3027604925565575,6379.4197049192944,0.00020421300883401253,1.1279888002811405e-12,6307.3404374828087,1.7883746905079197e-16,0.00020421300883401253,0,1,1,0,,0,0
4,1800,125.98332814415146,6322.9802959079479,0.019924675113361379,1.2280418237029007,6394.7174170257067,0.0001920400454965036,1.222703855142406e-12,6322.9802959079798,1.9337461100957389e-16,0.0001920400454965036,0,1,1,0,,0,0
4,1900,118.93099321578008,6338.2125523229925,0.018764121940371213,1.1627686758773086,6409.7021808413674,0.00018140759789945157,3.9337727890003716e-13,6338.2125523230252,6.2064387341484789e-17,0.00018140759789945157,0,1,1,0,,0,0
4,2000,112.73320095322978,6353.1618552564041,0.017744424512018048,1.1047141761418731,6424.4321924965598,0.00017195514608001129,9.6628504216112951e-13,6353.1618552564451,1.5209514005402675e-16,0.00017195514608001129,0,1,1,0,,0,0
4,2100,107.19193459989886,6367.8804613469738,0.016833220292144891,1.0524356647337905,6438.8630709518329,0.00016345054291987186,9.5880730062452993e-13,6367.8804613470138,1.5056929954079431e-16,0.00016345054291987186,0,1,1,0,,0,0
4,2200,102.19653267508066,6382.2995166559867,0.016012493993485699,1.0050012865267264,6453.0192765963147,0.00015574124970796935,1.1164412571800674e-12,6382.2995166560322,1.7492774418788483e-16,0.00015574124970796935,0,1,1,0,,0,0
4,2300,97.680487697200178,6396.5039929152063,0.015270917958527265,0.96159609502944288,6466.9191657204037,0.0001486946210997401,9.6701019087892218e-13,6396.5039929152426,1.5117792343285975e-16,0.0001486946210997401,0,1,1,0,,0,0
4,2400,93.536655942588411,6410.4981884659992,0.014591167986114239,0.92111068330473078,6480.5852811202431,0.00014213387269020034,9.54731606781238e-13,6410.4981884660492,1.489325133105908e-16,0.00014213387269020034,0,1,1,0,,0,0
4,2500,89.647250683721154,6424.2360140540413,0.013954538794590281,0.88294977371319971,6494.0449358975229,0.00013596299108317917,6.117635068095045e-13,6424.2360140540768,9.5227433343228807e-17,0.00013596299108317917,0,1,1,0,,0,0
4,2600,85.970577528141774,6437.8525645427371,0.013353921461581037,0.84677549499648652,6507.3154751357642,0.00013012670097707534,1.1753767328593874e-12,6437.8525645427862,1.8257279443349013e-16,0.00013012670097707534,0,1,1,0,,0,0
4,2700,82.479806508522103,6451.1208115426871,0.012785345200937,0.81235344085199357,6520.366994286871,0.00012458707332942695,1.1022486612129555e-12,6451.120811542738,1.7086157481979645e-16,0.00012458707332942695,0,1,1,0,,0,0
4,2800,79.154936766354766,6464.0820877728938,0.012245348325028226,0.77950870943952644,6533.1854995792883,0.00011931525738703175,1.1988946221216609e-12,6464.0820877729293,1.8547020378800852e-16,0.00011931525738703175,0,1,1,0,,0,0
4,2900,75.980598337593165,6476.7232993102007,0.011731333087162366,0.74810494956843809,6545.7141838079278,0.00011428927823017668,1.2397430138548623e-12,6476.7232993102352,1.9141515803012517e-16,0.00011428927823017668,0,1,1,0,,0,0
4,3000,72.944320471299051,6489.0784357758093,0.011241090887288391,0.71802881645528671,6557.9558518189124,0.00010948973013536444,1.0979715413466198e-12,6489.078435775863,1.6920300042810953e-16,0.00010948973013536444,0,1,1,0,,0,0
4,3100,70.036011493047098,6501.0630369773335,0.010773009136304317,0.68918770543086505,6569.9000928272535,0.00010490078931082861,1.0449026061191041e-12,6501.0630369773571,1.6072796097742923e-16,0.00010490078931082861,0,1,1,0,,0,0
4,3200,67.246162876511775,6512.7561360415611,0.01032530029865111,0.66150110227909786,6581.5517667120275,0.00010050837944097287,1.0657953477895992e-12,6512.7561360415966,1.6364735996968887e-16,0.00010050837944097287,0,1,1,0,,0,0
4,3300,64.555609283200909,6524.1369952820414,0.0098948886772127227,0.63483361426141116,6592.8922066779123,9.6290610305806436e-05,1.1011515524818154e-12,6524.1369952820869,1.6878118182958302e-16,9.6290610305806436e-05,0,1,1,0,,0,0
4,3400,61.952216830781531,6535.1725349556691,0.0094798135013893364,0.60906034777842399,6603.9179570665292,9.2227122102069473e-05,1.0718449977063587e-12,6535.1725349557109,1.640117367939732e-16,9.2227122102069473e-05,0,1,1,0,,0,0
4,3500,59.431935949319666,6545.9323123696959,0.0090792163916838132,0.58413574380439459,6614.6480763730069,8.8309421311600947e-05,1.0232728841628509e-12,6545.932312369755,1.5632194702490074e-16,8.8309421311600947e-05,0,1,1,0,,0,0
4,3600,56.992698121444356,6556.360928107074,0.0086927334761448313,0.56003597652366632,6625.0985879401114,8.4532474360927786e-05,9.7785798386276334e-13,6556.3609281071176,1.4914645404445115e-16,8.4532474360927786e-05,0,1,1,0,,0,0
4,3700,54.633214568175084,6566.4977906578379,0.00831999283482617,0.53674548130310995,6635.2700856738975,8.0892785730303314e-05,1.226700932046215e-12,6566.4977906578824,1.8681205281016544e-16,8.0892785730303314e-05,0,1,1,0,,0,0
4,3800,52.352507281644527,6576.3293427334247,0.0079607490065095217,0.51425161822014487,6645.1589336784355,7.7387406885613834e-05,1.2429117198530692e-12,6576.3293427334702,1.8899779118064201e-16,7.7387406885613834e-05,0,1,1,0,,0,0
4,3900,50.149628295215543,6585.9292439587189,0.0076146624777692316,0.49254236323291278,6654.7805691491876,7.4013313904936791e-05,1.197833333460948e-12,6585.9292439587553,1.8187764992460485e-16,7.4013313904936791e-05,0,1,1,0,,0,0
4,4000,48.02358917512062,6595.2424131770522,0.0072815502701115654,0.47160530140923801,6664.1279842663344,7.0767743735215472e-05,1.0925397761303774e-12,6595.242413177094,1.6565574207666972e-16,7.0767743735215472e-05,0,1,1,0,,0,0
4,4100,45.973204452875827,6604.2850466147047,0.0069611175363245813,0.45142702818154562,6673.2037714047992,6.7647721191423188e-05,1.0747238062548513e-12,6604.2850466147402,1.627312871369383e-16,6.7647721191423188e-05,0,1,1,0,,0,0
4,4200,43.997240601301151,6613.0732309888808,0.0066530702238605114,0.43199328813525378,6682.0092426102901,6.465020811113065e-05,1.1038628756174606e-12,6613.0732309889445,1.6692131435120743e-16,6.465020811113065e-05,0,1,1,0,,0,0
4,4300,42.094249376801017,6621.6277502889907,0.0063570848383864339,0.41328893920857757,6690.5625012297769,6.1771927118625959e-05,6.5400552227433992e-13,6621.6277502890489,9.8768089499714188e-17,6.1771927118625959e-05,0,1,1,0,,0,0
4,4400,40.262731012815898,6629.9777762266167,0.0060728304636536827,0.39529914060137678,6698.8791341372107,5.9009743672930105e-05,1.0648110258364298e-12,6629.9777762266503,1.6060551962248818e-16,5.9009743672930105e-05,0,1,1,0,,0,0
4,4500,38.501081526138904,6638.0989173653543,0.0058000162404057533,0.37800698806683597,6706.9538865031254,5.6360457290086043e-05,1.2832254544373266e-12,6638.098917365397,1.9331219230258584e-16,5.6360457290086043e-05,0,1,1,0,,0,0
4,4600,36.807589240452145,6646.0232119100547,0.0055382877950968983,0.36139557382059473,6714.8039550404683,5.3820718555649433e-05,8.7774711069886664e-13,6646.0232119100874,1.3207102694523986e-16,5.3820718555649433e-05,0,1,1,0,,0,0
4,4700,35.180473451328581,6653.7414905008336,0.005287321952852201,0.34544753654517585,6722.4312139052063,5.138729211994389e-05,9.8842890528131136e-13,6653.7414905008909,1.4855234557766129e-16,5.138729211994389e-05,0,1,1,0,,0,0
4,4800,33.617922944692175,6661.2566836622873,0.0050467838939677974,0.33014367103042958,6729.8315404063096,4.905675113087561e-05,1.1433391210923178e-12,6661.2566836623218,1.7164015371101362e-16,4.905675113087561e-05,0,1,1,0,,0,0
4,4900,32.11809115136392,6668.5558474784548,0.0048163488296358139,0.31546432598900043,6737.008589945428,4.682557870859948e-05,1.0825960870561942e-12,6668.5558474784839,1.6234340865054699e-16,4.682557870859948e-05,0,1,1,0,,0,0
4,5000,30.679100678732489,6675.6127073892512,0.0045956981064485241,0.30138973237279582,6743.9594585077075,4.4690323870880277e-05,9.4071985351303522e-13,6675.6127073892812,1.4091887812361344e-16,4.4690323870880277e-05,0,1,1,0,,0,0
4,5100,29.299065506928169,6682.4339550173218,0.0043844900980921434,0.28789952247723066,6750.6862513637843,4.2647445275518287e-05,1.2590689588722726e-12,6682.4339550173845,1.884147254350226e-16,4.2647445275518287e-05,0,1,1,0,,0,0
4,5200,27.976091781372819,6689.0335508157159,0.0041823817400289736,0.27497374041510775,6757.2027144957337,4.0693427744179803e-05,1.0779132147970802e-12,6689.0335508157559,1.6114633102200903e-16,4.0693427744179803e-05,0,1,1,0,,0,0
4,5300,26.708291456254198,6695.4319248110005,0.0039890318886347462,0.26259272598114464,6763.5237912021394,3.8824839549277578e-05,1.1756230599930861e-12,6695.4319248110442,1.7558584318311385e-16,3.8824839549277578e-05,0,1,1,0,,0,0
4,5400,25.493790725204125,6701.6464828819335,0.003804108556057546,0.25073741202190925,6769.6562036396335,3.7038426247865136e-05,1.0727317656044434e-12,6701.646482881978,1.6006988257953074e-16,3.7038426247865136e-05,0,1,1,0,,0,0
4,5500,24.330734597428872,6707.652153807855,0.0036273101287186754,0.23938907715630028,6775.5945172245274,3.5331080770512333e-05,1.0401750996705928e-12,6707.6521538078878,1.5507290417260124e-16,3.5331080770512333e-05,0,1,1,0,,0,0
4,5600,23.217292076728171,6713.4632937324532,0.0034583181676741039,0.22852944168293829,6781.3436171997018,3.3699728930313012e-05,1.0451586038279616e-12,6713.4632937325023,1.5568098879809053e-16,3.3699728930313012e-05,0,1,1,0,,0,0
4,5700,22.15166738620719,6719.1022444989376,0.0032968195125090112,0.21814061514978261,6786.9113665000859,3.2141367902123442e-05,9.848274933490326e-13,6719.1022444989885,1.4657129144824713e-16,3.2141367902123442e-05,0,1,1,0,,0,0
4,5800,21.132093385805856,6724.5533112140356,0.0031425274524280208,0.20820520134092471,6792.2999937917048,3.0653122142901275e-05,1.154185563058608e-12,6724.5533112140756,1.7163750655881515e-16,3.0653122142901275e-05,0,1,1,0,,0,0
4,5900,20.156843201883014,6729.8203035136157,0.0029951532571173105,0.19870618584583327,6797.5145055547473,2.9232182687283108e-05,1.0323518315837098e-12,6729.8203035136521,1.5339961321771355e-16,2.9232182687283108e-05,0,1,1,0,,0,0
4,6000,19.224225894714003,6734.9065924504794,0.0028544161126545504,0.1896268393996311,6802.5625927998653,2.7875794865943692e-05,3.7188107750011669e-13,6734.9065924505221,5.5216961422594328e-17,2.7875794865943692e-05,0,1,1,0,,0,0
4,6100,18.332594299831676,6739.8197428515732,0.0027200422265411029,0.18095103764494141,6807.4467201951202,2.6581337332854638e-05,1.3504945408482062e-12,6739.819742851615,2.0037546883662091e-16,2.6581337332854638e-05,0,1,1,0,,0,0
4,6200,17.480345375499919,6744.5781163990432,0.002591762608990693,0.17266315020320988,6812.1745983015999,2.5346260245040986e-05,1.3477845104436572e-12,6744.578116399096,1.998322930186824e-16,2.5346260245040986e-05,0,1,1,0,,0,0
4,6300,16.665919362921333,6749.1884243184459,0.0024693219858659241,0.16474776614044775,6816.7550011705653,2.4168063266489327e-05,1.2898526164997217e-12,6749.1884243184868,1.9111225460118447e-16,2.4168063266489327e-05,0,1,1,0,,0,0
4,6400,15.887800081257705,6753.6451629233798,0.0023524777654117261,0.15719009852418953,6821.1911696159741,2.3044376651452091e-05,1.3163765765638897e-12,6753.6451629234325,1.9491349409214049e-16,2.3044376651452091e-05,0,1,1,0,,0,0
4,6500,15.144520723461646,6757.9565970299327,0.0022409911200254734,0.14997580184294995,6825.4913616909462,2.1972894535433851e-05,1.1311893364010766e-12,6757.95659702998,1.6738629793778452e-16,2.1972894535433851e-05,0,1,1,0,,0,0
4,6600,14.434655047930816,6762.1342004292528,0.0021346300768497794,0.14309102757479844,6829.6612484318521,2.0951409209007747e-05,1.277529806694279e-12,6762.1342004293037,1.8892405397887153e-16,2.0951409209007747e-05,0,1,1,0,,0,0
4,6700,13.756891001329594,6766.1748185950255,0.0020331858650063919,0.13652241393319756,6833.7031555430776,1.9977808638418689e-05,1.3128087111597287e-12,6766.1748185950664,1.9402524267505126e-16,1.9977808638418689e-05,0,1,1,0,,0,0
4,6800,13.110337631035108,6770.0853237138963,0.001936509955807043,0.1302579161999495,6837.6166081869887,1.9050193022519835e-05,1.1371106468502834e-12,6770.0853237139481,1.6796105107675138e-16,1.9050193022519835e-05,0,1,1,0,,0,0
4,6900,12.49472559306356,6773.8713478696909,0.001844547224386394,0.1242929835225751,6841.4075926207297,1.8167750106957499e-05,1.185123141607408e-12,6773.8713478697427,1.7495507085178216e-16,1.8167750106957499e-05,0,1,1,0,,0,0
4,7000,11.909474038787758,6777.53748529532,0.001757197811834577,0.11862309919014564,6845.077017777242,1.7329695324401968e-05,1.3918138145021706e-12,6777.5374852953582,2.0535685970337599e-16,1.7329695324401968e-05,0,1,1,0,,0,0
4,7100,11.350929807493426,6781.0967012346318,0.0016739076741711656,0.11321881136708573,6848.6304082940787,1.6531598964658882e-05,1.2187603238498742e-12,6781.0967012346864,1.7972908771938987e-16,1.6531598964658882e-05,0,1,1,0,,0,0
4,7200,10.817882086282316,6784.5509189248714,0.0015944875667609545,0.10806836762013432,6852.0716535664424,1.5771634198233421e-05,1.1530453953017151e-12,6784.5509189249069,1.699516164121337e-16,1.5771634198233421e-05,0,1,1,0,,0,0
4,7300,10.309243376679618,6787.8908770141516,0.0015187697568312167,0.10316114982338712,6855.4017987376965,1.5048155141305133e-05,1.3253301679789944e-12,6787.890877014197,1.9524918593888328e-16,1.5048155141305133e-05,0,1,1,0,,0,0
4,7400,9.8239622121718284,6791.1220785846799,0.0014465889581268159,0.098486953666290414,6858.6256345912998,1.435957565165447e-05,9.2933370078747933e-13,6791.1220785847199,1.3684538284447301e-16,1.435957565165447e-05,0,1,1,0,,0,0
4,7500,9.3610183293904061,6794.2480560655085,0.0013777857758716116,0.094035988069462173,6861.7480309512584,1.3704377899814221e-05,1.1686621195156278e-12,6794.248056065534,1.7200757315186777e-16,1.3704377899814221e-05,0,1,1,0,,0,0
4,7600,8.9194391350486999,6797.2825099754882,0.0013122066240381796,0.08979899222796929,6864.7734931566165,1.3081129671283179e-05,1.0962397837565078e-12,6797.2825099755246,1.612761838496036e-16,1.3081129671283179e-05,0,1,1,0,,0,0
4,7700,8.4982884104765493,6800.2216196479167,0.0012497075662831927,0.08576696327160023,6867.7029389095751,1.248844978219427e-05,8.6044742498062564e-13,6800.2216196479694,1.2653226219782655e-16,1.248844978219427e-05,0,1,1,0,,0,0
4,7800,8.0966660640940411,6803.0629159156142,0.001190150107997983,0.081931394936494928,6870.5379752021881,1.1925033415463195e-05,1.2212219849772282e-12,6803.062915915656,1.7951061162762423e-16,1.1925033415463195e-05,0,1,1,0,,0,0
4,7900,7.713710299399688,6805.8110186245067,0.0011334006010879029,0.078284101781525048,6873.282212447727,1.1389624252551439e-05,9.5898911116446038e-13,6805.8110186245522,1.4090739642051818e-16,1.1389624252551439e-05,0,1,1,0,,0,0
4,8000,7.348591770292189,6808.4724258159777,0.0010793304739589189,0.074817364795213545,6875.9424187102577,1.0881034226177722e-05,1.2465697186684222e-12,6808.4724258160277,1.8309095501976933e-16,1.0881034226177722e-05,0,1,1,0,,0,0
4,8100,7.0005225819517749,6811.0535659211291,0.0010278178719631053,0.071523806081364716,6878.5173540959904,1.0398142855418402e-05,1.261018800976523e-12,6811.0535659211901,1.8514298687738644e-16,1.0398142855418402e-05,0,1,1,0,,0,0
4,8200,6.6687396075275931,6813.5522932669483,0.00097874637494417462,0.068396577478253492,6881.0099325483898,9.9399039020021797e-06,1.072092771360573e-12,6813.5522932670028,1.573471113474818e-16,9.9399039020021797e-06,1,1,1,1,,0,0
5,100,1085.4524833631629,6308.0018686429139,0.17207548538610121,6.6047008862641547,6370.0927414520866,0.0010368296278145848,9.2597535851194235e-13,6308.001868642943,1.4679376731242946e-16,0.0010368296278145848,0,0,1,0,,0,0
5,200,540.27664275174811,6079.3774144287672,0.088870390160258508,4.6661746203836572,6155.4941472875689,0.00075805037073096992,8.9459661831091625e-13,6079.3774144287945,1.4715266997368522e-16,0.00075805037073096992,0,1,1,0,,0,0
5,300,415.92533534468998,5939.380958814033,0.070028398284076615,3.7421387884544268,6018.9842513543135,0.00062172264159229514,1.1373795213657633e-12,5939.3809588140784,1.9149799099481656e-16,0.00062172264159229514,0,1,1,0,,0,0
5,400,342.53422238796566,5845.9194220235886,0.058593729687330523,3.1358802894808604,5920.978758324005,0.00052962194553937301,1.0550418736185007e-12,5845.9194220236159,1.8047492574799959e-16,0.00052962194553937301,0,1,1,0,,0,0
5,500,291.46741798008611,5763.9948569478029,0.050566911528166475,2.6972268640868622,5835.6642522591355,0.00046219706060757291,7.8845546390914848e-13,5763.9948569478274,1.367897584014595e-16,0.00046219706060757291,0,1,1,0,,0,0
5,600,253.35885059894733,5684.2187203143367,0.044572326130500592,2.363164271027212,5754.039218288628,0.00041069658745392887,8.5605547942213593e-13,5684.2187203143621,1.5060213576278295e-16,0.00041069658745392887,0,1,1,0,,0,0
5,700,223.89175280296047,5606.3245199904995,0.039935567768977435,2.1028531340535701,5675.1030923756507,0.0003705400765104509,1.1220890350678591e-12,5606.3245199905368,2.0014700024353088e-16,0.0003705400765104509,0,1,1,0,,0,0
5,800,200.80952286692209,5530.4590399531908,0.036309738742522489,1.8970995274113702,5598.9851973572931,0.00033882917359860074,1.0946094725496313e-12,5530.4590399532235,1.9792380065414779e-16,0.00033882917359860074,0,1,1,0,,0,0
5,900,182.4191594606728,5457.6828497976994,0.033424287281082037,1.7302565945856758,5526.2948776429839,0.00031309523521546977,8.9245055768924218e-13,5457.6828497977303,1.6352187956878398e-16,0.00031309523521546977,0,1,1,0,,0,0
5,1000,167.26335881884881,5388.7358653753527,0.031039442829918343,1.5904629993165191,5457.4390968747593,0.00029143027912621305,9.8987252396798671e-13,5388.7358653753854,1.8369290102494772e-16,0.00029143027912621305,0,1,1,0,,0,0
5,1100,154.43053542343992,5323.2942823856902,0.029010332179912897,1.470750579278163,5392.2358070959463,0.00027275338688688644,1.0066630035480081e-12,5323.2942823857284,1.891052701855991e-16,0.00027275338688688644,0,1,1,0,,0,0
5,1200,143.39060245562436,5261.7456195849263,0.027251526930892517,1.3670214103498977,5330.6960855332354,0.00025644332155040742,7.6698142914969941e-13,5261.7456195849581,1.4576558515008528e-16,0.00025644332155040742,0,1,1,0,,0,0
5,1300,133.82865078259431,5203.6740404543143,0.025718107964139546,1.2767877585554497,5272.670225732747,0.00024215202238975859,6.6844799941951803e-13,5203.6740404543525,1.284569314339976e-16,0.00024215202238975859,0,1,1,0,,0,0
5,1400,125.55030464916085,5149.0012907747459,0.024383428466818249,1.198451291160394,5217.9146346068519,0.00022968012608176605,9.5438183815760583e-13,5149.0012907747841,1.8535280615825935e-16,0.00022968012608176605,0,1,1,0,,0,0
5,1500,118.42140936186885,5097.1604311337551,0.023232819716354998,1.130858522981818,5166.0713169731043,0.00021890106690288758,9.4819009414937039e-13,5097.1604311338015,1.8602319996791959e-16,0.00021890106690288758,0,1,1,0,,0,0
5,1600,112.16436624882431,5048.0207717817229,0.022219473991830538,1.0714337088414807,5116.877964195276,0.00020939207781360162,6.1623350613644633e-13,5048.0207717817621,1.2207428098972323e-16,0.00020939207781360162,0,1,1,0,,0,0
5,1700,106.49969625111767,5001.7462176057561,0.02129250298150815,1.0176747263483172,5070.430592856439,0.00020070775207574782,8.5035785888641464e-13,5001.7462176058052,1.7001219611926992e-16,0.00020070775207574782,0,1,1,0,,0,0
5,1800,101.22481358156584,4958.0794862765706,0.02041613367872484,0.96762902564136388,5026.4723774839222,0.00019250658373770382,7.6701309081775131e-13,4958.0794862766088,1.5469963580470118e-16,0.00019250658373770382,0,1,1,0,,0,0
5,1900,96.27961797147087,4916.9386639969371,0.01958121191880112,0.92063390668249379,4984.95576199277,0.00018468246272148743,8.2549639871048683e-13,4916.9386639969689,1.6788828478886139e-16,0.00018468246272148743,0,1,1,0,,0,0
5,2000,91.637489507791443,4877.783847258449,0.018786705679731206,0.87646342940523148,4945.6390637733357,0.00017721944891314469,8.2094729100613397e-13,4877.7838472584845,1.6830333543122052e-16,0.00017721944891314469,0,1,1,0,,0,0
5,2100,87.275863196159918,4840.4693678281865,0.018030454603479643,0.83489775752224316,4908.2224017640319,0.00017010185952905842,9.3041583180559012e-13,4840.4693678282129,1.9221603549224452e-16,0.00017010185952905842,0,1,1,0,,0,0
5,2200,83.173014219644642,4804.7756050520402,0.017310488783740776,0.79574279773694978,4872.4691541530938,0.00016331407599752399,8.7329798942382053e-13,4804.775605052082,1.8175624861764056e-16,0.00016331407599752399,0,1,1,0,,0,0
5,2300,79.309193526675344,4770.8176971876946,0.016623815572208218,0.75881136239423785,4838.5244020780574,0.00015682701983859838,9.5487774770496839e-13,4770.8176971877228,2.0014970353359863e-16,0.00015682701983859838,0,1,1,0,,0,0
5,2400,75.665543788885117,4738.8519625037734,0.015967062146610551,0.7239360425112189,4806.4392918664471,0.0001506179519912543,8.9435338565327168e-13,4738.8519625037934,1.8872785913758238e-16,0.0001506179519912543,0,1,1,0,,0,0
5,2500,72.225067212976882,4708.4600986679443,0.015339424291481168,0.6909663117019742,4775.8869536685334,0.00014467811286262078,6.4149749082140906e-13,4708.4600986679743,1.3624358651842224e-16,0.00014467811286262078,0,1,1,0,,0,0
5,2600,68.972661468686141,4679.3735375333263,0.014739721228804535,0.65976691043397806,4746.6835071878631,0.00013899534473594006,8.6384543232677488e-13,4679.3735375333599,1.8460706874496154e-16,0.00013899534473594006,0,1,1,0,,0,0
5,2700,65.894326776378392,4651.5803560557979,0.01416600848152433,0.63021100091155247,4718.7999765101658,0.00013355323473101123,9.2153128326362594e-13,4651.5803560558361,1.9811144013967114e-16,0.00013355323473101123,0,1,1,0,,0,0
5,2800,62.976896883109625,4624.9047626149541,0.013616906750638048,0.602184843707817,4692.0352637272044,0.00012834192623468487,8.648783142552939e-13,4624.904762614995,1.8700456736892413e-16,0.00012834192623468487,0,1,1,0,,0,0
5,2900,60.208083832712283,4599.2549117251974,0.013090834273877638,0.57560153632450639,4666.304505518402,0.00012335275926459498,7.6436384047994237e-13,4599.2549117252238,1.6619297150312165e-16,0.00012335275926459498,0,1,1,0,,0,0
5,3000,57.577565979759555,4574.8195787689365,0.012585756659556271,0.55037675892303461,4641.7053943052297,0.00011857210059007094,9.1075338002705392e-13,4574.8195787689838,1.9907962802592626e-16,0.00011857210059007094,0,1,1,0,,0,0
5,3100,55.076209482877083,4551.5166124799462,0.012100628026241164,0.52643120807368593,4618.1446723862337,0.00011399192650274306,7.4583865436460316e-13,4551.5166124799862,1.6386596334056174e-16,0.00011399192650274306,0,1,1,0,,0,0
5,3200,52.695895934321968,4529.1582942689683,0.011634809938306071,0.50366868260829312,4595.5815619229088,0.00010959846448629784,8.2165836050109606e-13,4529.1582942690047,1.8141524475768179e-16,0.00010959846448629784,0,1,1,0,,0,0
5,3300,50.429619097277573,4507.6893670207874,0.011187465459849869,0.48199916126162262,4573.8588903868167,0.00010538129243004682,8.7183621436092766e-13,4507.6893670208083,1.9341089045298075e-16,0.00010538129243004682,0,1,1,0,,0,0
5,3400,48.270855301951705,4486.9578561628778,0.01075803625738344,0.46134414837247584,4552.8851906871168,0.00010133006413518858,7.7429742847447136e-13,4486.957856162916,1.7256623603249586e-16,0.00010133006413518858,0,1,1,0,,0,0
5,3500,46.212982188012383,4466.9312345052713,0.01034557725693994,0.44163819846221936,4532.6470982666569,9.7434940088564925e-05,7.5010190253118044e-13,4466.931234505304,1.679233153931127e-16,9.7434940088564925e-05,0,1,1,0,,0,0
5,3600,44.251266287814467,4447.5602971305443,0.0099495596083012724,0.42284678186280789,4513.0855176845607,9.3693500866730644e-05,8.4475940174190806e-13,4447.5602971305752,1.8993770636160235e-16,9.3693500866730644e-05,0,1,1,0,,0,0
5,3700,42.387968463465548,4428.8819261280332,0.0095708057181202368,0.4049711761516383,4494.1742078900579,9.0110253278714289e-05,5.5505372010162006e-13,4428.8819261280705,1.2532592409544619e-16,9.0110253278714289e-05,0,1,1,0,,0,0
5,3800,40.621187971951422,4410.7504132747163,0.0092095866158503938,0.38795358096520755,4475.8770163159197,8.6676550662808627e-05,7.5961977114918043e-13,4410.7504132747608,1.7222007594512718e-16,8.6676550662808627e-05,0,1,1,0,,0,0
5,3900,38.940340243140724,4393.1493861064737,0.0088638780111350741,0.37166849565690824,4458.1887013946234,8.3367600734496019e-05,5.7676002569476636e-13,4393.1493861065183,1.3128623113040252e-16,8.3367600734496019e-05,0,1,1,0,,0,0
5,4000,37.332097117299959,4376.1015476073035,0.0085309028392432582,0.35607049678947089,4441.1154542985032,8.0175915364874038e-05,7.8531169879607354e-13,4376.1015476073426,1.7945463336550016e-16,8.0175915364874038e-05,0,1,1,0,,0,0
5,4100,35.792644539571334,4359.65212915544,0.0082099771906583643,0.34112809058456983,4424.6408683695508,7.709735111457151e-05,7.2881953613404153e-13,4359.6521291554745,1.6717378234378165e-16,7.709735111457151e-05,0,1,1,0,,0,0
5,4200,34.318550851156864,4343.7523354804343,0.0079006693293348432,0.32681575992100853,4408.7438084312507,7.4128997764852733e-05,7.7622842875432654e-13,4343.7523354804835,1.7869997384840868e-16,7.4128997764852733e-05,0,1,1,0,,0,0
5,4300,32.906773204484708,4328.3816658487676,0.0076025581256203532,0.31312630208295328,4393.3772082061232,7.1272346362175233e-05,7.8508688402283407e-13,4328.3816658488004,1.8138115920257639e-16,7.1272346362175233e-05,0,1,1,0,,0,0
5,4400,31.554440285591156,4313.5883689479897,0.0073151255026419554,0.30004942577468291,4378.5377311525999,6.8527313043320137e-05,7.7444975866794734e-13,4313.5883689480224,1.7953724194986562e-16,6.8527313043320137e-05,0,1,1,0,,0,0
5,4500,30.258902675242418,4299.2495163068124,0.0070381824921936014,0.28751556036093351,4364.1708442458221,6.5880913149865347e-05,7.3998111977885222e-13,4299.2495163068561,1.7211867256648812e-16,6.5880913149865347e-05,0,1,1,0,,0,0
5,4600,29.017838062363207,4285.3307772366325,0.006771434825172392,0.27550116066584851,4350.2672388082747,6.3329709542469419e-05,7.9658621173214837e-13,4285.3307772366616,1.8588675020457029e-16,6.3329709542469419e-05,0,1,1,0,,0,0
5,4700,27.830041664639626,4271.8943285978175,0.0065146840075921081,0.26399245698482565,4336.7985731141716,6.0872658144982221e-05,6.9563025570260019e-13,4271.8943285978557,1.6283882563427633e-16,6.0872658144982221e-05,0,1,1,0,,0,0
5,4800,26.694822319898186,4258.8856679948585,0.0062680298089491738,0.25299241730976907,4323.7262418021974,5.8512589179170104e-05,7.3404518244707487e-13,4258.8856679948958,1.7235616066506593e-16,5.8512589179170104e-05,0,1,1,0,,0,0
5,4900,25.614988319894096,4246.2358676787417,0.0060323988393741427,0.24251704588914763,4311.0252636872747,5.6255074154151375e-05,6.6974099817811703e-13,4246.2358676787744,1.5772581153016217e-16,5.6255074154151375e-05,0,1,1,0,,0,0
5,5000,24.592006911669518,4233.8901002125995,0.0058083715754536618,0.23249793928104254,4298.6604428339379,5.4086137384642037e-05,6.1397334424754648e-13,4233.8901002126331,1.4501400124124898e-16,5.4086137384642037e-05,0,1,1,0,,0,0
5,5100,23.612269573004117,4221.8986781817903,0.0055928082061820145,0.22288750724292505,4286.6457343390275,5.1995784362920493e-05,5.9363942234666749e-13,4221.8986781818412,1.406095853068454e-16,5.1995784362920493e-05,0,1,1,0,,0,0
5,5200,22.673155474236371,4210.2633754845147,0.0053852107225066783,0.21367501337453421,4274.9667740370314,4.9982847743340909e-05,5.7615981984240785e-13,4210.2633754845428,1.3684650304711634e-16,4.9982847743340909e-05,0,1,1,0,,0,0
5,5300,21.773038563254076,4198.9680405292092,0.0051853308606059191,0.20485144367883637,4263.6087720318001,4.8046491747228373e-05,3.0158761699061326e-13,4198.968040529242,7.1824223018520731e-17,4.8046491747228373e-05,0,1,1,0,,0,0
5,5400,20.910346019728742,4187.9869482775657,0.004992934858196906,0.19640890892812474,4252.5504907314826,4.6186143904981682e-05,8.0730354173683811e-13,4187.986948277603,1.9276648941536423e-16,4.6186143904981682e-05,0,1,1,0,,0,0
5,5500,20.083633898688149,4177.2917353923422,0.0048078121354389533,0.18833452477261883,4241.7777451355032,4.4399904023401988e-05,5.2583594327288157e-13,4177.2917353923804,1.2587963124952508e-16,4.4399904023401988e-05,0,1,1,0,,0,0
5,5600,19.292328038285145,4166.8553421832548,0.0046299490752603825,0.180604597387162,4231.2722332407175,4.268328470296451e-05,5.7731632051210625e-13,4166.8553421832958,1.3854964310078771e-16,4.268328470296451e-05,0,1,1,0,,0,0
5,5700,18.536923914491183,4156.6882200197597,0.0044595415709102817,0.17320998224855208,4221.0346375079798,4.103495875381208e-05,6.0166870621049815e-13,4156.6882200198006,1.4474713386312917e-16,4.103495875381208e-05,0,1,1,0,,0,0
5,5800,17.816875946944528,4146.7745371398951,0.0042965624939023447,0.16614416378676325,4211.0588148306424,3.9454249178765063e-05,5.312961880661512e-13,4146.7745371399278,1.2812275741246148e-16,3.9454249178765063e-05,0,1,1,0,,0,0
5,5900,17.131914263564969,4137.1258387673761,0.00414101841017949,0.15940352009395753,4201.3407035475839,3.7941107694350584e-05,6.7908162404017332e-13,4137.1258387674125,1.641433329575719e-16,3.7941107694350584e-05,0,1,1,0,,0,0
5,6000,16.480326314320731,4127.7430965828571,0.0039925755863934294,0.15295158416003085,4191.8746204934869,3.6487633340050778e-05,6.0192613449182909e-13,4127.7430965828944,1.4582451485174232e-16,3.6487633340050778e-05,0,1,1,0,,0,0
5,6100,15.856034924668915,4118.6198408190239,0.003849841825050744,0.14676839087877605,4182.6526183400965,3.5089787336205248e-05,6.5239112618126769e-13,4118.6198408190567,1.5840042329605462e-16,3.5089787336205248e-05,0,1,1,0,,0,0
5,6200,15.257685293882744,4109.722846638796,0.0037125825422416239,0.14084706867184935,4173.6654993198235,3.3746611628268484e-05,7.872936402726513e-13,4109.7228466388306,1.9156854845249375e-16,3.3746611628268484e-05,0,1,1,0,,0,0
5,6300,14.684334009230744,4101.0381384651064,0.0035806382465700848,0.1351882080742044,4164.8917239986913,3.2458997023915637e-05,6.78518432786456e-13,4101.0381384651437,1.6545040789120742e-16,3.2458997023915637e-05,0,1,1,0,,0,0
5,6400,14.136346879753917,4092.5649587843918,0.0034541533297868078,0.12977955920130044,4156.3327019729386,3.1224535788411824e-05,7.4730013327036697e-13,4092.5649587844309,1.8259945554836818e-16,3.1224535788411824e-05,0,1,1,0,,0,0
5,6500,13.613524815028191,4084.3012452690541,0.0033331343594689713,0.12460309884366207,4147.9833955905615,3.0039440123149753e-05,5.910808617089387e-13,4084.3012452690868,1.4472019232019121e-16,3.0039440123149753e-05,0,1,1,0,,0,0
5,6600,13.114929215106118,4076.2277486034095,0.0032174181679616733,0.11965551528341375,4139.8337892333975,2.8903458780061607e-05,7.5821680273831411e-13,4076.2277486034423,1.8600943065511661e-16,2.8903458780061607e-05,0,1,1,0,,0,0
5,6700,12.640035122654874,4068.3515292312936,0.0031069181293296899,0.11493318721150782,4131.8793281751987,2.781620131734749e-05,7.807576566483469e-13,4068.3515292313296,1.9191007734669931e-16,2.781620131734749e-05,0,1,1,0,,0,0
5,6800,12.187330123597015,4060.675324822414,0.003001306223400169,0.11040948185200437,4124.1167073206298,2.6771667653347178e-05,5.6759099377886809e-13,4060.6753248224513,1.397774873330178e-16,2.6771667653347178e-05,0,1,1,0,,0,0
5,6900,11.753030428222612,4053.1748428048381,0.0028997097051183204,0.10607894940843794,4116.538624947786,2.5768967346877122e-05,5.8484337313052142e-13,4053.1748428048782,1.4429265842521565e-16,2.5768967346877122e-05,0,1,1,0,,0,0
5,7000,11.336880058308054,4045.8579717583307,0.0028020954115156554,0.10193838238192036,4109.1417511000554,2.4807706464404766e-05,6.667501489818011e-13,4045.8579717583739,1.647982093380367e-16,2.4807706464404766e-05,0,1,1,0,,0,0
5,7100,10.939290641170436,4038.7044445041179,0.0027086138120497177,0.097977848589451119,4101.9206877211473,2.3885846667572561e-05,7.4709278489883504e-13,4038.7044445041461,1.8498327747539836e-16,2.3885846667572561e-05,0,1,1,0,,0,0
5,7200,10.559306230662665,4031.7094674755936,0.0026190642743099861,0.094187386418455032,4094.8698975586435,2.3001313539804877e-05,6.4192584459431886e-13,4031.7094674756313,1.5921927157024214e-16,2.3001313539804877e-05,0,1,1,0,,0,0
5,7300,10.196400282559484,4024.8712642026803,0.002533348177678764,0.090564689353873087,4087.9861616291819,2.2153863974378137e-05,5.639161263023705e-13,4024.8712642027135,1.4010786663361185e-16,2.2153863974378137e-05,0,1,1,0,,0,0
5,7400,9.8501250857660398,4018.1987812020052,0.0024513782473497914,0.087098690823485189,4081.2682285163205,2.1341084669445633e-05,7.2000098014075617e-13,4018.1987812020334,1.7918500784706569e-16,2.1341084669445633e-05,0,1,1,0,,0,0
5,7500,9.518049706433521,4011.684945697953,0.0023725815549499913,0.083779640166194616,4074.7122882712338,2.0560872581690805e-05,7.2841334624874606e-13,4011.6849456979985,1.8157291913710048e-16,2.0560872581690805e-05,0,1,1,0,,0,0
5,7600,9.2000259016016024,4005.3289493777111,0.0022969463976313274,0.080602262612986406,4068.3173752060038,1.9812186508410007e-05,7.7250802415130984e-13,4005.3289493777506,1.9287005734480888e-16,1.9812186508410007e-05,0,1,1,0,,0,0
5,7700,8.8955966161301951,3999.117109194121,0.0022243901274305979,0.077560057554159359,4062.0773392935334,1.9093692974257456e-05,7.4187587467186144e-13,3999.1171091941592,1.8550991491753361e-16,1.9093692974257456e-05,0,1,1,0,,0,0
5,7800,8.6041745461113823,3993.0499236942155,0.0021547876211252407,0.074647604128768474,4055.9851252138978,1.8404309144213597e-05,7.3999752701879877e-13,3993.0499236942524,1.8532138118978858e-16,1.8404309144213597e-05,0,1,1,0,,0,0
5,7900,8.3255211132686853,3987.1326381330186,0.0020880973543852617,0.071861825666441073,4050.0388382682154,1.7743490503703165e-05,5.8151693244511864e-13,3987.1326381330582,1.4584840415978966e-16,1.7743490503703165e-05,0,1,1,0,,0,0
5,8000,8.0583949030211279,3981.3555197716755,0.0020240329865048737,0.069191343779708439,4044.236214850443,1.7108630679295561e-05,6.7745336305007594e-13,3981.355519771716,1.701564604531775e-16,1.7108630679295561e-05,0,1,1,0,,0,0
5,8100,7.8022686265121335,3975.7231504933047,0.0019624778514932646,0.066632042598814487,4038.5794407440535,1.6498881246852096e-05,5.9800399656486226e-13,3975.7231504933447,1.5041389300224698e-16,1.6498881246852096e-05,0,1,1,0,,0,0
5,8200,7.5566482512002722,3970.226930905766,0.0019033290496259622,0.064179206813161346,4033.0613139685715,1.5913273272309463e-05,6.4388976353911965e-13,3970.226930905807,1.621795868963632e-16,1.5913273272309463e-05,0,1,1,0,,0,0
5,8300,7.3211270894933138,3964.860992809769,0.0018465028415296516,0.061829758180894902,4027.6767039672563,1.5351221740313136e-05,7.2480097773353633e-13,3964.8609928098012,1.82806151097844e-16,1.5351221740313136e-05,0,1,1,0,,0,0
5,8400,7.0953164730195191,3959.6213131092122,0.0017919179416296417,0.059577100252734702,4022.4240764314559,1.4811242952182524e-05,7.0137647088908237e-13,3959.6213131092509,1.7713220922592062e-16,1.4811242952182524e-05,0,1,1,0,,0,0
5,8500,6.8783695051976714,3954.5084485253751,0.0017393740827036533,0.057415108056787949,4017.2989007374103,1.4291968179477236e-05,6.3583112384267776e-13,3954.5084485254097,1.6078638650519809e-16,1.4291968179477236e-05,0,1,1,0,,0,0
5,8600,6.6700813854184853,3949.5224110079689,0.00168883239320984,0.055340779724128028,4012.298512797784,1.3792787238439741e-05,6.9808089523724459e-13,3949.5224110080044,1.7675071124842132e-16,1.3792787238439741e-05,0,1,1,0,,0,0
5,8700,6.4699997861708347,3944.6565859491889,0.0016401934224684813,0.053351435247635637,4007.4214762082938,1.3313157990587809e-05,6.6793781792285961e-13,3944.6565859492257,1.6932724138827153e-16,1.3313157990587809e-05,0,1,1,0,,0,0
5,8800,6.2776935907317153,3939.9127789030508,0.0015933585190887269,0.051440887492908524,4002.665751965756,1.2851657040722249e-05,7.6277977451912895e-13,3939.9127789030817,1.9360321340197177e-16,1.2851657040722249e-05,0,1,1,0,,0,0
5,8900,6.0926187003686723,3935.2810941262901,0.0015482041954925088,0.049605594560894611,3998.0264601433737,1.2407520324194077e-05,7.9004395392304541e-13,3935.2810941263233,2.0075921770931184e-16,1.2407520324194077e-05,0,1,1,0,,0,0
5,9000,5.9146562248132568,3930.7589956266697,0.0015047109811092093,0.047842388754380377,3993.4991000578971,1.1980067493614e-05,7.3150040907050766e-13,3930.7589956267066,1.8609647904752293e-16,1.1980067493614e-05,0,1,1,0,,0,0
5,9100,5.7434084251083339,3926.3458363515501,0.0014627871981967946,0.046147919633035939,3989.0830274792529,1.1568553302887089e-05,7.5902214599445398e-13,3926.3458363515915,1.933151529768826e-16,1.1568553302887089e-05,0,1,1,0,,0,0
5,9200,5.5780403666652569,3922.0439795039547,0.0014222278984670504,0.0445182529978633,3984.7776281151291,1.1172079637207066e-05,6.7090238305154753e-13,3922.0439795039915,1.7105937275501803e-16,1.1172079637207066e-05,0,1,1,0,,0,0
5,9300,5.4188977318800857,3917.8469835996279,0.0013831315399922349,0.042950259145409321,3980.5781380441445,1.0789955040679823e-05,7.2949390109736069e-13,3917.846983599668,1.8619764992126133e-16,1.0789955040679823e-05,0,1,1,0,,0,0
5,9400,5.2654563746690233,3913.7584773751637,0.0013453708002442708,0.04144165739873102,3976.4855174261265,1.042167944963499e-05,6.094134642958078e-13,3913.7584773752037,1.5571054468964479e-16,1.042167944963499e-05,0,1,1,0,,0,0
5,9500,5.1169434358566885,3909.7739081216873,0.0013087568632107792,0.039988939731723114,3972.4955247245575,1.0066453060257593e-05,3.1319920962619347e-13,3909.7739081217237,8.0106731741083225e-17,1.0066453060257593e-05,0,1,1,0,,0,0
5,9600,4.973782876558932,3905.8840955442483,0.0012734076984601056,0.038588802104717441,3968.6031871353339,9.7235224297070846e-06,6.2214308666164132e-13,3905.8840955442815,1.5928355052095989e-16,9.7235224297070846e-06,0,1,1,0,,0,0
5,9700,4.8353240214683266,3902.0888021706787,0.0012391629884943936,0.037240260663207368,3964.8059757516025,9.3927069548839114e-06,7.0404216827738638e-13,3902.0888021707156,1.8042699794164876e-16,9.3927069548839114e-06,0,1,1,0,,0,0
5,9800,4.7011648514867854,3898.393987186163,0.0012059234820644841,0.0359395787634108,3961.1036497098389,9.0731225288799164e-06,7.2774402399019926e-13,3898.3939871862003,1.8667790540983096e-16,9.0731225288799164e-06,0,1,1,0,,0,0
5,9900,4.571511125053707,3894.7936621540389,0.0011737492461989386,0.034685499733513869,3957.4932113487666,8.7645127562183708e-06,6.7198528629900842e-13,3894.7936621540666,1.7253424560811218e-16,8.7645127562183708e-06,0,1,1,0,,0,0
5,10000,4.4458459588237007,3891.2794041301991,0.0011425152236832147,0.033475994084345401,3953.9710077965065,8.4664237593894525e-06,6.5839830819539242e-13,3891.2794041302318,1.6919841517845358e-16,8.4664237593894525e-06,0,1,1,0,,0,0
5,10100,4.3239887229781848,3887.8489005031788,0.001112180239931279,0.03230973735264716,3950.5343862415634,8.1785738823515998e-06,6.8960551384844593e-13,3887.8489005032111,1.7737456662968282e-16,8.1785738823515998e-06,0,1,1,0,,0,0
5,10200,4.205887822059891,3884.5008704954112,0.0010827357136165327,0.03118540425280902,3947.1815519391234,7.9006764301197729e-06,6.4420698457764644e-13,3884.500870495448,1.6584035016459687e-16,7.9006764301197729e-06,0,1,1,0,,0,0
5,10300,4.0913415822218502,3881.2330608857656,0.0010541344768634261,0.030102314910924188,3943.9109122422547,7.6326051933586762e-06,4.0132262402225641e-13,3881.2330608857947,1.0340080529218839e-16,7.6326051933586762e-06,0,1,1,0,,0,0
5,10400,3.9802080543245668,3878.0436376083117,0.0010263443184923165,0.029059434271658646,3940.7208027451816,7.3741418705469536e-06,6.9527881707410317e-13,3878.0436376083417,1.7928597046496723e-16,7.3741418705469536e-06,0,1,1,0,,0,0
5,10500,3.8723383401643794,3874.9318375995717,0.00099933069856609417,0.028055995093983148,3937.6096887334897,7.1251335992641779e-06,7.0454212142769023e-13,3874.9318375996118,1.8182051993568229e-16,7.1251335992641779e-06,1,1,1,1,,0,0
6,100,838.26599314447492,3779.4538968323795,0.22179553343593872,5.5551249959538422,3836.3322206601929,0.0014480302216886376,6.7037649608173936e-13,3779.4538968324086,1.7737390490292457e-16,0.0014480302216886376,0,0,1,0,,0,0
6,200,467.82810369067766,3997.2120327430707,0.11703860086942461,4.0366558543048399,4056.4619710395805,0.00099511739124484751,7.3605849114187624e-13,3997.2120327431048,1.8414296892745836e-16,0.00099511739124484751,0,1,1,0,,0,0
6,300,368.23338561062752,4204.1514090063001,0.08758804091160545,3.2957184729869131,4262.8694290839494,0.0007731220784060308,7.854780308676841e-13,4204.1514090063311,1.8683390640617654e-16,0.0007731220784060308,0,1,1,0,,0,0
6,400,307.30675238115003,4396.1646378442802,0.06990337662418443,2.8013639268160184,4454.3176379453798,0.00062890978024373429,7.4614232393476507e-13,4396.1646378443074,1.6972574628156819e-16,0.00062890978024373429,0,1,1,0,,0,0
6,500,264.66602622237383,4571.5717502736306,0.057893879978266179,2.4421786653397906,4628.1378648773734,0.0005276806215893697,8.5333577193086232e-13,4571.5717502736588,1.8666135380676916e-16,0.0005276806215893697,0,1,1,0,,0,0
6,600,232.96533839668319,4735.5658591626625,0.049194825988097622,2.1699478534704122,4790.9074710060349,0.00045293044514064645,7.207888518071117e-13,4735.565859162687,1.5220754461950553e-16,0.00045293044514064645,0,1,1,0,,0,0
6,700,208.73776833387601,4886.0159460451378,0.042721466863576966,1.960457191715326,4940.4019586490131,0.00039682139391172664,9.3230569375983997e-13,4886.0159460451741,1.9081102150607273e-16,0.00039682139391172664,0,1,1,0,,0,0
6,800,190.18954628596316,5023.2196885390404,0.037862080115647526,1.7984912229797161,5077.4552856295804,0.00035421113959779789,6.6476485029013689e-13,5023.2196885390604,1.3233839877775189e-16,0.00035421113959779789,0,1,1,0,,0,0
6,900,176.12976123468385,5149.530734560587,0.034203070204553918,1.6761454925170567,5203.7115514295265,0.00032210576546207637,6.7815224985544613e-13,5149.5307345606043,1.3169204822957737e-16,0.00032210576546207637,0,1,1,0,,0,0
6,1000,164.85965538806022,5266.5952847362223,0.031302890477622344,1.575521046511146,5320.7890632120352,0.00029610665406834243,8.7615063401131005e-13,5266.5952847362414,1.6635997008363041e-16,0.00029610665406834243,0,1,1,0,,0,0
6,1100,155.02248297779863,5375.7614345658803,0.028837307024268548,1.4862035953626567,5429.9886901864174,0.00027370288966690901,9.1413256566584046e-13,5375.7614345659076,1.7004708575570496e-16,0.00027370288966690901,0,1,1,0,,0,0
6,1200,146.21029742187019,5478.0614006470933,0.02669015309039785,1.4053355181776985,5532.3135643283758,0.0002540231138088621,9.126808064631464e-13,5478.0614006471196,1.6660653098107517e-16,0.0002540231138088621,0,1,1,0,,0,0
6,1300,138.21180329271687,5574.2861797230407,0.024794529530162,1.3311664652942221,5628.5809994269866,0.00023650125412244053,8.7603807857921301e-13,5574.2861797230698,1.5715699738665634e-16,0.00023650125412244053,0,1,1,0,,0,0
6,1400,130.86118232629781,5665.0791763199522,0.023099621073840934,1.2626187997383744,5719.4570207856113,0.00022075850822023382,9.4109466855681057e-13,5665.0791763199832,1.6612206807110199e-16,0.00022075850822023382,0,1,1,0,,0,0
6,1500,124.07249060744714,5751.0931771616333,0.021573722905439217,1.1989704073395162,5805.5138235339682,0.00020652270303434943,9.4829402932716323e-13,5751.0931771616524,1.6488935235703772e-16,0.00020652270303434943,0,1,1,0,,0,0
6,1600,117.76550901683838,5832.8086082356676,0.020190189139852575,1.1395751064972997,5887.2214777918216,0.00019356756167507585,7.3474934327662136e-13,5832.8086082356949,1.2596836149212651e-16,0.00019356756167507585,0,1,1,0,,0,0
6,1700,111.88087077888065,5910.5544487332445,0.018928997566862626,1.0840515149813095,5964.9525295089961,0.00018173682181349112,7.5119816280000526e-13,5910.5544487332663,1.270943647192016e-16,0.00018173682181349112,0,1,1,0,,0,0
6,1800,106.3816429892974,5984.6468333825005,0.017775759531188724,1.0320630757675489,6039.0358018155657,0.00017089865164522972,1.0919266318497496e-12,5984.6468333825187,1.824546480769682e-16,0.00017089865164522972,0,1,1,0,,0,0
6,1900,101.2542116468141,6055.4062552761752,0.016721291252521604,0.9834240776719998,6109.7872604114518,0.00016095880850780606,1.1170390199776478e-12,6055.4062552762007,1.8446970737997119e-16,0.00016095880850780606,0,1,1,0,,0,0
6,2000,96.454883750067708,6123.0888671829853,0.01575265129124986,0.93769101147267864,6177.4522987054297,0.00015179251350418111,1.072774261988561e-12,6123.0888671830189,1.7520148494628991e-16,0.00015179251350418111,0,1,1,0,,0,0
6,2100,91.941851642486384,6187.9260733033616,0.014858266009213028,0.89464570734026672,6242.2551643823017,0.00014332091267992819,9.4613315510509331e-13,6187.9260733033825,1.5289988016938387e-16,0.00014332091267992819,0,1,1,0,,0,0
6,2200,87.693935860479058,6250.1092379592046,0.014030784506594163,0.85417593446894402,6304.393579125107,0.00013548899251741869,1.1050208777589371e-12,6250.1092379592355,1.7680025031366408e-16,0.00013548899251741869,0,1,1,0,,0,0
6,2300,83.690236701091379,6309.8211022968444,0.013263488036234056,0.81600447702737855,6364.0565086958195,0.0001282208094652198,9.2772940344472074e-13,6309.821102296869,1.470294305344114e-16,0.0001282208094652198,0,1,1,0,,0,0
6,2400,79.91543234163629,6367.2211076649801,0.012551069138376959,0.77997662559361647,6421.4015758685155,0.00012146516868291672,1.1680767873500648e-12,6367.2211076650128,1.8345158234632468e-16,0.00012146516868291672,0,1,1,0,,0,0
6,2500,76.36724253025362,6422.4402190782175,0.011890689508234029,0.74612700086638351,6476.5676159475661,0.00011520407801026564,1.1100038404504944e-12,6422.440219078253,1.7283210159795023e-16,0.00011520407801026564,0,1,1,0,,0,0
6,2600,73.04172412155576,6475.616091710509,0.011279501917208633,0.71415454465941175,6529.6880701529381,0.00010937039212084214,1.1062402452139807e-12,6475.616091710529,1.7083165980609703e-16,0.00010937039212084214,0,1,1,0,,0,0
6,2700,69.894366835355768,6526.8619875218319,0.010708724494095483,0.6838612301964343,6580.8814435727736,0.00010391635771896912,1.0206714302001896e-12,6526.8619875218574,1.5638011530679261e-16,0.00010391635771896912,0,1,1,0,,0,0
6,2800,66.911319205129345,6576.2829546155926,0.010174641156242729,0.65516736434625145,6630.2556118902103,9.8814797301528272e-05,1.0524691150145101e-12,6576.2829546156081,1.6004012027429987e-16,9.8814797301528272e-05,0,1,1,0,,0,0
6,2900,64.081353034111871,6623.9827314319746,0.0096741425260718859,0.62803858021945846,6677.9103214089391,9.4047171943296138e-05,1.0390380719707144e-12,6623.9827314319864,1.5686002124375905e-16,9.4047171943296138e-05,0,1,1,0,,0,0
6,3000,61.395020546721696,6670.0477370918861,0.0092045848795513537,0.60227854090074262,6723.9326691951737,8.9572363456285592e-05,1.0340516965834127e-12,6670.0477370919061,1.5502912982662579e-16,8.9572363456285592e-05,0,1,1,0,,0,0
6,3100,58.845228949063141,6714.5573145517319,0.0087638285284324345,0.57781975967396726,6768.4051265724629,8.5370149816457069e-05,1.03471539570786e-12,6714.5573145517574,1.5410031476914042e-16,8.5370149816457069e-05,0,1,1,0,,0,0
6,3200,56.440962305112826,6757.5898151585761,0.008352232652314124,0.55478329556079453,6811.4020468518247,8.1449207042067192e-05,1.143408587111355e-12,6757.5898151586143,1.6920360933220048e-16,8.1449207042067192e-05,0,1,1,0,,0,0
6,3300,54.178319994725236,6799.2274453697555,0.0079683052861572439,0.53288198785803498,6852.9940183183671,7.7759003792155228e-05,1.1372187966522635e-12,6799.2274453697664,1.6725706056894785e-16,7.7759003792155228e-05,0,1,1,0,,0,0
6,3400,52.022570000457804,6839.5299494896071,0.0076061615907303598,0.51201115953609555,6893.2488059198167,7.4277191198493839e-05,1.2316500104552668e-12,6839.5299494896399,1.8007816612414594e-16,7.4277191198493839e-05,0,1,1,0,,0,0
6,3500,49.967070729831121,6878.5562738133949,0.0072641799733550675,0.49216189811368788,6932.2267292951137,7.0996220598764539e-05,7.9269377007886311e-13,6878.5562738134304,1.1524130043053328e-16,7.0996220598764539e-05,0,1,1,0,,0,0
6,3600,48.005846626153065,6916.3625788829077,0.0069409094850991313,0.47329913912143257,6969.9852428167096,6.7905328724937578e-05,1.3150802256724019e-12,6916.3625788829413,1.9014044024927333e-16,6.7905328724937578e-05,0,1,1,0,,0,0
6,3700,46.133652454764118,6952.9986999001258,0.0066350727859947377,0.45529350528682966,7006.5758060041398,6.4980886226432508e-05,7.4274810748457126e-13,6952.9986999001403,1.0682414013614567e-16,6.4980886226432508e-05,0,1,1,0,,0,0
6,3800,44.350845767967158,6988.5182688499399,0.0063462445201943676,0.4381925587681012,7042.0465152610841,6.222517244361815e-05,1.3460905270819214e-12,6988.5182688499654,1.926145822758842e-16,6.222517244361815e-05,0,1,1,0,,0,0
6,3900,42.674718464814752,7022.9609253693488,0.0060764567706277561,0.42199686134023123,7076.441034581916,5.963405323070897e-05,1.1171685863724246e-12,7022.9609253693934,1.5907372947738047e-16,5.963405323070897e-05,0,1,1,0,,0,0
6,4000,41.078498818657543,7056.3708831386894,0.0058214767192602181,0.40650407900302105,7109.8032215530275,5.7175151876316835e-05,8.8143565458108884e-13,7056.3708831387012,1.2491345327203419e-16,5.7175151876316835e-05,0,1,1,0,,0,0
6,4100,39.550805293689173,7088.7861549565414,0.0055793480617319655,0.3917048236747448,7142.1721772117098,5.4843934584011333e-05,1.0774027899902077e-12,7088.7861549565587,1.5198692222318988e-16,5.4843934584011333e-05,0,1,1,0,,0,0
6,4200,38.087921099447946,7120.2439283983695,0.0053492438577192759,0.37760783266526493,7173.5860663457815,5.2638642538461666e-05,1.3312670210592669e-12,7120.2439283983913,1.8696929971031463e-16,5.2638642538461666e-05,0,1,1,0,,0,0
6,4300,36.686778524520932,7150.7823777427657,0.0051304565831440637,0.36412399033506354,7204.0822446677103,5.0544119010381847e-05,1.2275059229366488e-12,7150.7823777427902,1.7166036638974353e-16,5.0544119010381847e-05,0,1,1,0,,0,0
6,4400,35.351178150484444,7180.4343031636654,0.0049232646185355224,0.35128696329086673,7233.6934401976941,4.8562600308545312e-05,1.3674041570945665e-12,7180.4343031636799,1.9043474243502124e-16,4.8562600308545312e-05,0,1,1,0,,0,0
6,4500,34.088181340776678,7209.2300014299026,0.0047284080732637908,0.33908325125559247,7262.4504984680279,4.6689922544342317e-05,1.2995969292647143e-12,7209.2300014299362,1.802684792976423e-16,4.6689922544342317e-05,0,1,1,0,,0,0
6,4600,32.883012119433872,7237.2014011911215,0.0045436088201195948,0.32738922667864029,7290.3838078414137,4.4906994653217842e-05,1.0811968424139222e-12,7237.2014011911624,1.4939432834299309e-16,4.4906994653217842e-05,0,1,1,0,,0,0
6,4700,31.726407950622598,7264.3772502071643,0.004367395422603889,0.3162046104466284,7317.5221546431167,4.3211978558341654e-05,1.3998769828602649e-12,7264.3772502071733,1.9270433440393556e-16,4.3211978558341654e-05,0,1,1,0,,0,0
6,4800,30.616092838478661,7290.7859951446771,0.0041992856269361832,0.30551191977436826,7343.8935049582942,4.1600810192590509e-05,1.3124433502741941e-12,7290.7859951447108,1.8001397258789574e-16,4.1600810192590509e-05,0,1,1,0,,0,0
6,4900,29.553718194545755,7316.4528745638499,0.0040393505843919642,0.29529747318275323,7369.5237089807806,4.0070089308877934e-05,1.2946708422944663e-12,7316.4528745638663,1.7695334945646617e-16,4.0070089308877934e-05,0,1,1,0,,0,0
6,5000,28.542750446048426,7341.4032287893269,0.0038879148245280922,0.28555751699708531,7394.4372702467326,3.8617883492783625e-05,1.296175299863732e-12,7341.4032287893388,1.7655688694237308e-16,3.8617883492783625e-05,0,1,1,0,,0,0
6,5100,27.580509770517335,7365.6597280677315,0.0037444724286432194,0.27623508397508245,7418.6576879694576,3.7235183990635111e-05,1.2836487989632654e-12,7365.6597280677697,1.7427478954420888e-16,3.7235183990635111e-05,0,1,1,0,,0,0
6,5200,26.655842020543144,7389.2430880338643,0.0036073846404795639,0.26729852750361582,7442.2073545937938,3.591656544460865e-05,1.2953163114699437e-12,7389.2430880338779,1.7529756377450565e-16,3.591656544460865e-05,0,1,1,0,,0,0
6,5300,25.766570180404187,7412.1764241449955,0.0034762489053107495,0.25874278597912514,7465.1074099816087,3.4660289767989101e-05,1.0828872021157701e-12,7412.1764241450192,1.460957133438279e-16,3.4660289767989101e-05,0,1,1,0,,0,0
6,5400,24.916151596071394,7434.4794113870403,0.0033514319184082351,0.25056144462958152,7487.3777828382617,3.3464512129185031e-05,1.2835803383723365e-12,7434.4794113870739,1.7265234959240474e-16,3.3464512129185031e-05,0,1,1,0,,0,0
6,5500,24.104362653977869,7456.1707646518498,0.0032328072163062068,0.24273718290159599,7509.0389924177398,3.2325998459549902e-05,1.228705994134121e-12,7456.170764651868,1.6479048467601586e-16,3.2325998459549902e-05,0,1,1,0,,0,0
6,5600,23.328295665321328,7477.2696966270078,0.0031198949097482344,0.23523487459508766,7530.1091466318412,3.1239238371505725e-05,6.7271816143958771e-13,7477.2696966270241,8.9968422797836085e-17,3.1239238371505725e-05,0,1,1,0,,0,0
6,5700,22.580965846735978,7497.7958786685695,0.0030116805274706705,0.22803230419081372,7550.6065666912627,3.0200527888283195e-05,1.2418008888705461e-12,7497.7958786686004,1.6562212535066443e-16,3.0200527888283195e-05,0,1,1,0,,0,0
6,5800,21.86350425020607,7517.7673603772673,0.0029082443233663571,0.221137350220553,7570.5482358197851,2.9210216133918722e-05,1.3147432107444472e-12,7517.7673603772846,1.7488479594006298e-16,2.9210216133918722e-05,0,1,1,0,,0,0
6,5900,21.177098653567892,7537.1993126466896,0.0028096774113475775,0.21452810064964242,7589.9509797583623,2.8264754439359007e-05,1.1505601548946918e-12,7537.199312646716,1.5265088624685293e-16,2.8264754439359007e-05,0,1,1,0,,0,0
6,6000,20.519950589925173,7556.1072740486707,0.0027156775103498879,0.20818740944246183,7608.8309213386292,2.7361287377093565e-05,1.3182418007119841e-12,7556.1072740487116,1.7446044013158168e-16,2.7361287377093565e-05,0,1,1,0,,0,0
6,6100,19.886722271659654,7574.5068246535202,0.0026254808044970414,0.2020899925714647,7627.2035352428948,2.6495948565902403e-05,1.2788225390610161e-12,7574.5068246535438,1.6883244924919705e-16,2.6495948565902403e-05,0,1,1,0,,0,0
6,6200,19.278118637778029,7592.4125511027651,0.0025391294938231414,0.19624346889188118,7645.08332392184,2.5669238722071971e-05,1.2676773947375248e-12,7592.4125511028178,1.6696634781172309e-16,2.5669238722071971e-05,0,1,1,0,,0,0
6,6300,18.694797824341403,7609.8386925227715,0.0024566615114602129,0.19062906558736692,7662.4843655349714,2.4878232240811598e-05,1.2527233181625346e-12,7609.8386925227942,1.6461890570603342e-16,2.4878232240811598e-05,0,1,1,0,,0,0
6,6400,18.134389472693599,7626.7995265888621,0.0023777194365044922,0.18522824214427136,7679.4205972925329,2.4120080388561563e-05,1.2032232717667385e-12,7626.7995265888821,1.5776254083669157e-16,2.4120080388561563e-05,0,1,1,0,,0,0
6,6500,17.593458612899955,7643.3079391430574,0.0023018120888208616,0.18003158559839488,7695.905382542026,2.3393165150755641e-05,1.0728752328686758e-12,7643.3079391430911,1.4036791941539363e-16,2.3393165150755641e-05,0,1,1,0,,0,0
6,6600,17.073988894098214,7659.3766037279174,0.0022291616899720122,0.1750381622812327,7711.9518436609178,2.2696998870021582e-05,1.2018518131932682e-12,7659.3766037279238,1.5691248457587403e-16,2.2696998870021582e-05,0,1,1,0,,0,0
6,6700,16.574687588018818,7675.0180720344179,0.0021595633303343304,0.17022870360921444,7727.572048576315,2.2028743638899675e-05,1.3182641589936598e-12,7675.0180720344506,1.71760398036981e-16,2.2028743638899675e-05,0,1,1,0,,0,0
6,6800,16.092241493816353,7690.2445672788481,0.0020925526298977647,0.16559128555931693,7742.7783310714549,2.1386546079306677e-05,1.1870059776880582e-12,7690.2445672788699,1.5435217531814734e-16,2.1386546079306677e-05,0,1,1,0,,0,0
6,6900,15.627510065723561,7705.0688243699342,0.0020282116126329954,0.16112804126882263,7757.5823519035639,2.0770393913934392e-05,1.2927148788948644e-12,7705.0688243699497,1.6777460505040599e-16,2.0770393913934392e-05,0,1,1,0,,0,0
6,7000,15.180164232839804,7719.5011773803135,0.0019664695793195457,0.15682100374831062,7771.9952488068921,2.0177701957857577e-05,1.40565343161725e-12,7719.5011773803299,1.8209122575641202e-16,2.0177701957857577e-05,0,1,1,0,,0,0
6,7100,14.747401246186673,7733.5524419792073,0.0019069375111669183,0.15266213758382408,7786.0279846028379,1.9607190968966356e-05,1.2371661223653638e-12,7733.5524419792227,1.5997384535078422e-16,1.9607190968966356e-05,0,1,1,0,,0,0
6,7200,14.329737010339299,7747.2331761853766,0.0018496586696768369,0.14865046699777237,7799.6907772108661,1.9058507733678272e-05,1.3582981243129115e-12,7747.2331761854157,1.7532686746647152e-16,1.9058507733678272e-05,0,1,1,0,,0,0
6,7300,13.926455877561468,7760.5532883940386,0.0017945184267194685,0.14477193316366258,7812.9936656040991,1.8529636572087101e-05,1.4376462073893226e-12,7760.5532883940587,1.8525047815074331e-16,1.8529636572087101e-05,0,1,1,0,,0,0
6,7400,13.535909638135935,7773.5227206628842,0.0017412838586238371,0.14102070479151313,7825.9464694895769,1.8019635751573288e-05,1.3315332672315114e-12,7773.5227206629133,1.7129084394288107e-16,1.8019635751573288e-05,0,1,1,0,,0,0
6,7500,13.158364214351213,7786.1512227693211,0.0016899702867151792,0.13739381779727222,7838.5588837403538,1.7527943571651975e-05,9.0716725852178076e-13,7786.1512227693638,1.1651035698727685e-16,1.7527943571651975e-05,0,1,1,0,,0,0
6,7600,12.792902376814599,7798.4482099504294,0.0016404420510854321,0.13388250974176996,7850.8402139726813,1.7053271508887676e-05,1.0803433389819839e-12,7798.4482099504494,1.3853311708905332e-16,1.7053271508887676e-05,0,1,1,0,,0,0
6,7700,12.438777632064211,7810.4234152454646,0.0015925868510258336,0.13048182002199804,7862.7993935163313,1.6594830096974547e-05,1.1845515675862491e-12,7810.4234152455074,1.5166291308536117e-16,1.6594830096974547e-05,0,1,1,0,,0,0
6,7800,12.095651235978675,7822.0845500379519,0.0015463462659605217,0.12718747864485871,7874.4451676335821,1.6151928921625969e-05,1.4100599235901802e-12,7822.0845500379746,1.8026651521982522e-16,1.6151928921625969e-05,0,1,1,0,,0,0
6,7900,11.763132887343458,7833.4402102791082,0.001501656050416747,0.12399531510800935,7885.7859289635335,1.5723900727838631e-05,1.110670527377784e-12,7833.4402102791346,1.4178579239302149e-16,1.5723900727838631e-05,0,1,1,0,,0,0
6,8000,11.44072280413142,7844.4984719058657,0.0014584390378945197,0.12090060906202012,7896.8299257959679,1.5310018095626371e-05,1.27675647831893e-12,7844.4984719058966,1.6275820345831869e-16,1.5310018095626371e-05,0,1,1,0,,0,0
6,8100,11.1280133364553,7855.2673414361152,0.0014166307590520344,0.11789992722891124,7907.5850997596408,1.4909726008828526e-05,1.3523919092613742e-12,7855.2673414361407,1.7216370245320294e-16,1.4909726008828526e-05,0,1,1,0,,0,0
6,8200,10.824644224671427,7865.7546097511449,0.0013761736491565803,0.1149896418278034,7918.0593265880971,1.4522452672421766e-05,1.4413599471135938e-12,7865.7546097511695,1.832449674093241e-16,1.4522452672421766e-05,0,1,1,0,,0,0
6,8300,10.530264078255277,7875.9679545486497,0.0013370120522359003,0.11216641000635436,7928.2600069736027,1.4147670473432269e-05,1.1464124784974763e-12,7875.9679545486861,1.4555829646759511e-16,1.4147670473432269e-05,0,1,1,0,,0,0
6,8400,10.244568304855807,7885.9147353481476,0.0012990970164735785,0.10942715758804213,7938.194573968668,1.3784892341500576e-05,1.2607503531538903e-12,7885.9147353481676,1.5987369829179714e-16,1.3784892341500576e-05,0,1,1,0,,0,0
6,8500,9.9672367728826199,7895.6020239968448,0.001262378314229811,0.10676894004790421,7947.8700833470612,1.3433654416623396e-05,1.1394312702156561e-12,7895.6020239968921,1.4431214576831673e-16,1.3433654416623396e-05,0,1,1,0,,0,0
6,8600,9.6980140111608311,7905.0367696919047,0.0012268145353027634,0.10418882082058126,7957.2934483355593,1.3093499881215844e-05,1.1236757577475116e-12,7905.0367696919129,1.421468097473891e-16,1.3093499881215844e-05,0,1,1,0,,0,0
6,8700,9.4366217810360631,7914.2255147250235,0.0011923620022551171,0.10168433431060198,7966.4713789252828,1.2764036858225643e-05,8.9155487937512927e-13,7914.2255147250416,1.1265219543167188e-16,1.2764036858225643e-05,0,1,1,0,,0,0
6,8800,9.1827995426307627,7923.1747920560883,0.0011589798008542732,0.099252801885308745,7975.4102871652385,1.2444852153253539e-05,9.8321516401635167e-13,7923.1747920561229,1.2409358493543975e-16,1.2444852153253539e-05,0,1,1,0,,0,0
6,8900,8.9362917880748238,7931.8909574692943,0.0011266281692462888,0.096891836877133514,7984.1167032547928,1.213557372447158e-05,1.3459780300950977e-12,7931.8909574693225,1.696919482771777e-16,1.213557372447158e-05,0,1,1,0,,0,0
6,9000,8.6968587657035066,7940.3802367927428,0.0010952698115646309,0.094598980318176804,7992.596605691032,1.1835825700351091e-05,1.4366051776391257e-12,7940.3802367927537,1.8092397779421624e-16,1.1835825700351091e-05,0,1,1,0,,0,0
6,9100,8.4642483769214678,7948.6486286895961,0.0010648663404708672,0.092372062105552141,8000.855940041758,1.1545272505565202e-05,1.1822020718323199e-12,7948.6486286896215,1.4872994480663216e-16,1.1545272505565202e-05,0,1,1,0,,0,0
6,9200,8.2382291782695205,7956.7019504538439,0.0010353824021018681,0.09020891908773146,8008.9005723600103,1.1263583343643544e-05,1.4455081469771707e-12,7956.7019504538794,1.8167177254826212e-16,1.1263583343643544e-05,0,1,1,0,,0,0
6,9300,8.0185897866008986,7964.5458303505984,0.0010067855666100072,0.088107449425577064,8016.7361198123926,1.099043901517853e-05,1.0603270978997033e-12,7964.545830350623,1.3313089289524805e-16,1.099043901517853e-05,0,1,1,0,,0,0
6,9400,7.8051481387761088,7972.1858301021712,0.00097904744133091521,0.086065651199393217,8024.3680953017074,1.072553628861878e-05,1.3742313087180061e-12,7972.1858301021985,1.7237823327311842e-16,1.072553628861878e-05,1,1,1,1,,0,0
7,100,681.82657311568073,7565.2294125055887,0.090126357832400639,4.3213202066977798,7619.5957218183603,0.00056713247847571221,1.3483804539732855e-12,7565.2294125056369,1.7823391472363772e-16,0.00056713247847571221,0,1,1,0,,0,0
7,200,349.67374577351143,7344.6623404478187,0.047609233694491548,3.0226423692339459,7406.0950929246164,0.00040812902498667822,1.2007381478267454e-12,7344.6623404478569,1.634844588040691e-16,0.00040812902498667822,0,1,1,0,,0,0
7,300,272.67416437118419,7168.6692821979796,0.03803692898043412,2.4417733395431176,7234.61679211916,0.00033751246399159654,1.3163849240735849e-12,7168.6692821980077,1.8363030462886188e-16,0.00033751246399159654,0,1,1,0,,0,0
7,400,227.03871119991027,7014.8465643207037,0.032365456481213285,2.0608202039645347,7082.8136149710563,0.00029096067128020226,1.1339869934757498e-12,7014.8465643207592,1.6165528113522647e-16,0.00029096067128020226,0,1,1,0,,0,0
7,500,195.39455048131799,6875.9172954238911,0.028417233961112121,1.7892224028412269,6944.3787203898564,0.00025765046448111633,1.2296361839056973e-12,6875.9172954239466,1.7883231154104246e-16,0.00025765046448111633,0,1,1,0,,0,0
7,600,172.22307573470155,6747.2425115692804,0.025524957112390161,1.5871005936178291,6815.9087411676765,0.00023285238313591812,1.2198861615033655e-12,6747.242511569325,1.8079773469112125e-16,0.00023285238313591812,0,1,1,0,,0,0
7,700,154.89731370452722,6628.2109139154609,0.023369400237299519,1.4354831107398078,6696.1015641821641,0.00021437594650868056,1.0447649257839674e-12,6628.2109139155173,1.5762397113684906e-16,0.00021437594650868056,0,1,1,0,,0,0
7,800,141.56832094865229,6517.9762068971058,0.021719674398143613,1.3187928566860221,6584.65269759691,0.00020028282693896972,1.1809634339542097e-12,6517.9762068971513,1.8118560063237806e-16,0.00020028282693896972,0,1,1,0,,0,0
7,900,130.88750154225264,6415.0051409907319,0.020403335409024847,1.2245085654580143,6480.4909876539596,0.00018895305429647791,1.1994066702671768e-12,6415.0051409907901,1.8696893360274531e-16,0.00018895305429647791,0,1,1,0,,0,0
7,1000,121.89899314135127,6317.9591216170684,0.019294045876977989,1.1447923035841276,6382.7244304946935,0.00017935793970904685,1.049900396016524e-12,6317.9591216171184,1.6617714293596059e-16,0.00017935793970904685,0,1,1,0,,0,0
7,1100,114.10633868146277,6226.6853707398041,0.01832537407746131,1.0746130002430923,6290.7872663073867,0.00017082329361200552,9.5671847629550289e-13,6226.6853707398514,1.5364811602514391e-16,0.00017082329361200552,0,1,1,0,,0,0
7,1200,107.17833846117257,6140.7288642147296,0.017453683566092188,1.0116947891010282,6204.2680967991619,0.00016306432496412764,9.6466454870138647e-13,6140.7288642147678,1.5709284191376538e-16,0.00016306432496412764,0,1,1,0,,0,0
7,1300,100.95499724200779,6059.5872391529092,0.016660375246304836,0.95455240573666178,6122.6911165463043,0.00015590406041503967,9.5849566322719145e-13,6059.5872391529629,1.5817837509361024e-16,0.00015590406041503967,0,1,1,0,,0,0
7,1400,95.287158908246866,5983.0735121527177,0.015926122036558837,0.9022434267822862,6045.7320455660401,0.00014923642331187909,1.0949761872055739e-12,5983.0735121527623,1.8301232384684369e-16,0.00014923642331187909,0,1,1,0,,0,0
7,1500,90.100456022057315,5910.7430444799102,0.015243507515726444,0.85410926682173327,5973.0332545679448,0.00014299422595187187,1.1128443679802105e-12,5910.7430444799502,1.8827486825357721e-16,0.00014299422595187187,0,1,1,0,,0,0
7,1600,85.322948090039205,5842.3029194344408,0.014604334843065416,0.80957351871110828,5904.3060888274322,0.00013711577728719784,8.3461060048964342e-13,5842.3029194344908,1.4285644068767834e-16,0.00013711577728719784,0,1,1,0,,0,0
7,1700,80.904000460194851,5777.3788630621648,0.014003582312639538,0.76830548582451286,5839.1593663590847,0.00013157809842473568,1.0101816263741431e-12,5777.378863062223,1.7485119988110138e-16,0.00013157809842473568,0,1,1,0,,0,0
7,1800,76.817810322571233,5715.6981233642327,0.013439794870999352,0.72993538406241165,5777.3247176367331,0.00012634487755796395,1.0380727281083656e-12,5715.6981233642646,1.8161783664973461e-16,0.00012634487755796395,0,1,1,0,,0,0
7,1900,73.012807699747441,5657.023623602955,0.01290657641858063,0.69418294358783417,5718.5546532078133,0.00012139132799901342,8.8919946751957993e-13,5657.0236236030032,1.5718503698827436e-16,0.00012139132799901342,0,1,1,0,,0,0
7,2000,69.469959209070979,5601.2132024102275,0.012402662905096656,0.66088368693871402,5662.6211336114156,0.00011670985420796221,1.1416164945173772e-12,5601.2132024102866,2.0381593295290427e-16,0.00011670985420796221,0,1,1,0,,0,0
7,2100,66.182471619320879,5548.0349598397424,0.011928993255881103,0.62977014284282573,5609.3075974636822,0.00011227234946566027,1.0273451850039144e-12,5548.0349598397825,1.8517280306279511e-16,0.00011227234946566027,0,1,1,0,,0,0
7,2200,63.103631004288914,5497.2792598342885,0.01147906592000042,0.6006035588859655,5558.4441595952667,0.00010805245886102379,1.0222118978929002e-12,5497.279259834344,1.8594869381325622e-16,0.00010805245886102379,0,1,1,0,,0,0
7,2300,60.209235407676928,5448.7266363489543,0.01105014793842209,0.57321284360299629,5509.8361297470447,0.00010403446311375369,7.4060014458571634e-13,5448.7266363490116,1.3592169217025813e-16,0.00010403446311375369,0,1,1,0,,0,0
7,2400,57.490202645911445,5402.2772062165859,0.010641846105149046,0.5475288764605476,5463.3585378438756,0.00010021836799981113,8.7944847420573231e-13,5402.2772062166468,1.6279217830468063e-16,0.00010021836799981113,0,1,1,0,,0,0
7,2500,54.957658564600059,5357.7905843596673,0.010257522704420574,0.52338800567817045,5418.8407370384784,9.6586711268472166e-05,7.5456243028276652e-13,5357.7905843597209,1.4083462546771787e-16,9.6586711268472166e-05,0,1,1,0,,0,0
7,2600,52.570608333624712,5315.1284220449998,0.0098907503562064691,0.50060983116454449,5376.1590675692241,9.3116633059536712e-05,6.4598634245477881e-13,5315.1284220450516,1.2153729715644929e-16,9.3116633059536712e-05,0,1,1,0,,0,0
7,2700,50.313745505095916,5274.198159133748,0.0095396008998948224,0.4791278446653548,5335.1935060541709,8.9805148420888398e-05,9.4020344590069801e-13,5274.1981591338053,1.78264717694094e-16,8.9805148420888398e-05,0,1,1,0,,0,0
7,2800,48.17955028199993,5234.883021761686,0.0092035581467083388,0.45887632638871667,5295.8357396756119,8.6648519505785207e-05,9.865614741888729e-13,5234.8830217617451,1.8845912508219829e-16,8.6648519505785207e-05,0,1,1,0,,0,0
7,2900,46.181243153883074,5197.0902788177955,0.0088859805537932889,0.43981304887198136,5257.9829739789575,8.3646723667337133e-05,8.5311123090808349e-13,5197.0902788178464,1.6415170511568177e-16,8.3646723667337133e-05,0,1,1,0,,0,0
7,3000,44.299065496625097,5160.6906082962732,0.0085839413479681138,0.42176166648535729,5221.5460438720147,8.0773330914190656e-05,7.8133471764305903e-13,5160.6906082963342,1.5140119355091432e-16,8.0773330914190656e-05,0,1,1,0,,0,0
7,3100,42.514344831139894,5125.5993983467797,0.0082945118272123551,0.40467453615815657,5186.4411102456124,7.8025475958598623e-05,9.9718266658932399e-13,5125.599398346827,1.9454947394268618e-16,7.8025475958598623e-05,0,1,1,0,,0,0
7,3200,40.818083851534467,5091.7720198711922,0.0080164790749148764,0.38847972048340312,5152.59665937723,7.5394940874405029e-05,8.5664266055474362e-13,5091.7720198712377,1.6824057660311482e-16,7.5394940874405029e-05,0,1,1,0,,0,0
7,3300,39.215082937317447,5059.1182385759221,0.0077513671529361207,0.37318228571231193,5119.9337746952051,7.288810795888231e-05,9.049750301046188e-13,5059.1182385759676,1.7887999201207635e-16,7.288810795888231e-05,0,1,1,0,,0,0
7,3400,37.705368268769618,5027.571029454617,0.007499718660933536,0.35867385080002118,5088.3960436065017,7.0488587705489208e-05,8.3296963953752117e-13,5027.5710294546579,1.6568033244233918e-16,7.0488587705489208e-05,0,1,1,0,,0,0
7,3500,36.271728929788637,4997.0932153691538,0.0072585656033452859,0.34488229251634306,5057.9303901349704,6.8186445030758895e-05,7.8994677129190808e-13,4997.0932153692029,1.5808125589139006e-16,6.8186445030758895e-05,0,1,1,0,,0,0
7,3600,34.90448581017823,4967.6258977610305,0.0070263917872539694,0.33176704880275965,5028.4774965421957,6.5977634190646648e-05,9.4987631778933684e-13,4967.6258977610814,1.9121333557292386e-16,6.5977634190646648e-05,0,1,1,0,,0,0
7,3700,33.604415367162638,4939.1259468934613,0.0068037170399144501,0.31932607836563354,4999.9869470411695,6.3865382399568132e-05,8.9992218380678126e-13,4939.1259468935168,1.8220272037662676e-16,6.3865382399568132e-05,0,1,1,0,,0,0
7,3800,32.376615731963341,4911.5475719518727,0.0065919377258717498,0.30750175678660763,4972.413179368029,6.1841553727377433e-05,7.8780105133629749e-13,4911.5475719519118,1.6039772389361491e-16,6.1841553727377433e-05,0,1,1,0,,0,0
7,3900,31.208177219414857,4884.8423462430383,0.006388778799262018,0.29622360980986706,4945.7174093309677,5.9894972820523267e-05,9.1011575818831635e-13,4884.8423462431028,1.8631425411063263e-16,5.9894972820523267e-05,0,1,1,0,,0,0
7,4000,30.09068651826999,4858.9657936163958,0.0061928171130166184,0.28546517775426028,4919.8615752888718,5.8023010075745695e-05,7.9606767849063002e-13,4858.9657936164494,1.638347978362963e-16,5.8023010075745695e-05,0,1,1,0,,0,0
7,4100,29.023564095213807,4833.8863262454788,0.006004188376882387,0.27523306910279971,4894.8064178034283,5.6229612697597159e-05,7.3600666331341612e-13,4833.8863262455161,1.5225982028523893e-16,5.6229612697597159e-05,0,1,1,0,,0,0
7,4200,28.014034588002421,4809.5725433102098,0.0058246412411365016,0.26547540321448632,4870.515344272153,5.4506635222223864e-05,8.3287457046534548e-13,4809.5725433102725,1.7317018570055811e-16,5.4506635222223864e-05,0,1,1,0,,0,0
7,4300,27.049743004658076,4786.0064101544031,0.0056518401118868149,0.25614534636522657,4846.9557081237435,5.2846644737420226e-05,7.1710295384405849e-13,4786.0064101544485,1.4983326230457701e-16,5.2846644737420226e-05,0,1,1,0,,0,0
7,4400,26.125190147011985,4763.1496567853746,0.0054848560363404035,0.24721845866252232,4824.1045364990541,5.1246497001064893e-05,9.2773897068185998e-13,4763.149656785431,1.947742644114137e-16,5.1246497001064893e-05,0,1,1,0,,0,0
7,4500,25.240697443996332,4740.9713714840427,0.0053239506139636022,0.23871982552858953,4801.9322511273967,4.9713284787086061e-05,8.2769577269759182e-13,4740.9713714840982,1.7458358379381917e-16,4.9713284787086061e-05,0,1,1,0,,0,0
7,4600,24.401832332932617,4719.4461332686315,0.005170486460459334,0.23057697147111253,4780.4117565169636,4.8233705215199344e-05,7.6407342252848202e-13,4719.4461332686824,1.6189896037637063e-16,4.8233705215199344e-05,0,1,1,0,,0,0
7,4700,23.597014276309924,4698.5448633005217,0.0050221962251806732,0.22278133690985094,4759.5186468160082,4.6807535265963451e-05,9.4967584033731479e-13,4698.5448633005699,2.0212126689585325e-16,4.6807535265963451e-05,0,1,1,0,,0,0
7,4800,22.823677332769808,4678.2467857431011,0.0048786817750454464,0.21530876362527701,4739.2269662391864,4.5431199045555584e-05,9.0435482516910092e-13,4678.2467857431466,1.9331062823045211e-16,4.5431199045555584e-05,0,1,1,0,,0,0
7,4900,22.085450263765384,4658.5344500087103,0.0047408579888733229,0.2081739135195082,4719.5176709746265,4.4109150136208357e-05,8.4273128280837285e-13,4658.5344500087658,1.8090051535559367e-16,4.4109150136208357e-05,0,1,1,0,,0,0
7,5000,21.380204479227686,4639.3832949474881,0.0046084151965869596,0.20131786419552566,4700.3703554219137,4.2830213147630793e-05,5.9267747773341511e-13,4639.3832949475327,1.2774919424718878e-16,4.2830213147630793e-05,0,1,1,0,,0,0
7,5100,20.701856976250181,4620.7768203798087,0.00448016811479516,0.19473758682189507,4681.7648443513699,4.1594909888917068e-05,6.1918583121552996e-13,4620.776820379856,1.3400037597241692e-16,4.1594909888917068e-05,0,1,1,0,,0,0
7,5200,20.049708475926519,4602.6964443913639,0.0043560788155730277,0.1884389854542553,4663.681193277167,4.0405631869926191e-05,8.3742855586186465e-13,4602.6964443914221,1.8194303404090582e-16,4.0405631869926191e-05,0,1,1,0,,0,0
7,5300,19.427784043844024,4585.1160837808511,0.0042371411516857445,0.18238208304310588,4646.1017677182781,3.9254861852213485e-05,5.8136842702891599e-13,4585.1160837809066,1.2679470190196736e-16,3.9254861852213485e-05,0,1,1,0,,0,0
7,5400,18.828951350504713,4568.0190586451818,0.0041219073538824392,0.17656201866227469,4629.0094136842499,3.8142505854562125e-05,8.5248149685190899e-13,4568.0190586452427,1.8661951404045437e-16,3.8142505854562125e-05,0,1,1,0,,0,0
7,5500,18.251860631885211,4551.3939183855464,0.0040101694028627267,0.17097256820471704,4612.3867431791223,3.7068133641992239e-05,8.6632418128504863e-13,4551.3939183855973,1.9034260642338298e-16,3.7068133641992239e-05,0,1,1,0,,0,0
7,5600,17.699622073490293,4535.2306532880839,0.0039026950174315621,0.16559504622520776,4596.2210979191195,3.6028520538356784e-05,6.8974339450687469e-13,4535.2306532881266,1.5208562634114274e-16,3.6028520538356784e-05,0,1,1,0,,0,0
7,5700,17.167806484289581,4519.5056113308037,0.0037986027589496426,0.16041817464606711,4580.5006511978445,3.5021973985336349e-05,8.5632062286336227e-13,4519.505611330861,1.8947218932895651e-16,3.5021973985336349e-05,0,1,1,0,,0,0
7,5800,16.654813291317414,4504.2078735384466,0.0036976120460962673,0.15543639919214461,4565.2094554963551,3.4048032342744873e-05,7.5045051095790289e-13,4504.2078735384885,1.6661098511165114e-16,3.4048032342744873e-05,0,1,1,0,,0,0
7,5900,16.162205375774963,4489.3227702127751,0.0036001433185007862,0.15063573877166206,4550.3323654362957,3.3104337589902356e-05,8.0168386077893975e-13,4489.3227702128343,1.785756787411685e-16,3.3104337589902356e-05,0,1,1,0,,0,0
7,6000,15.68732079027675,4474.8453934883937,0.0035056676624189696,0.14600677324114139,4535.8567244987098,3.2189458818780847e-05,8.132326849114664e-13,4474.8453934884501,1.8173425300790013e-16,3.2189458818780847e-05,0,1,1,0,,0,0
7,6100,15.228807603547613,4460.7591068700449,0.0034139497871771701,0.14154475051297954,4521.7705139096342,3.1302948718332118e-05,6.8288205155148628e-13,4460.7591068700958,1.5308651177773022e-16,3.1302948718332118e-05,0,1,1,0,,0,0
7,6200,14.787295249023826,4447.0573983589302,0.0033251865052339306,0.13723690367096095,4508.0638412616263,3.044253775087485e-05,6.8140949430180533e-13,4447.0573983589829,1.5322705179232756e-16,3.044253775087485e-05,0,1,1,0,,0,0
7,6300,14.360942302974477,4433.7255771692689,0.0032390237178691792,0.1330761642217563,4494.7266772627281,2.9607176092584832e-05,7.7393172835224142e-13,4433.7255771693244,1.7455562255306558e-16,2.9607176092584832e-05,0,1,1,0,,0,0
7,6400,13.948941579951942,4420.7485654277361,0.0031553347523627577,0.12905790419165997,4481.746990817991,2.879633867241239e-05,7.0283365406725417e-13,4420.7485654277925,1.5898521340112485e-16,2.879633867241239e-05,0,1,1,0,,0,0
7,6500,13.551084223644009,4408.1163327384138,0.0030741212801037384,0.12517317087158605,4469.1144151465896,2.8008495474484355e-05,7.289174322845578e-13,4408.1163327384656,1.6535802988478085e-16,2.8008495474484355e-05,0,1,1,0,,0,0
7,6600,13.166428597652546,4395.8183171558194,0.0029952167372948851,0.12141598561986695,4456.8183214964638,2.7242749616748829e-05,7.5533636174557393e-13,4395.818317155874,1.7183065978811472e-16,2.7242749616748829e-05,0,1,1,0,,0,0
7,6700,12.794310702926737,4383.8472186237095,0.0029185119975379654,0.11778117342666594,4444.8494405782867,2.6498349381962935e-05,8.0428397071207196e-13,4383.8472186237668,1.8346532864905887e-16,2.6498349381962935e-05,0,1,1,0,,0,0
7,6800,12.434278424331179,4372.1932547267224,0.0028439452924201463,0.11426344624679888,4433.1978191349699,2.5774497531692505e-05,7.6220862930839956e-13,4372.1932547267779,1.7433095586165498e-16,2.5774497531692505e-05,0,1,1,0,,0,0
7,6900,12.085844529324548,4360.8458094139642,0.0027714450493145767,0.11085730991653055,4421.8540151428797,2.507032333878361e-05,7.6539787119689611e-13,4360.8458094140224,1.7551592160048065e-16,2.507032333878361e-05,0,1,1,0,,0,0
7,7000,11.748466145750948,4349.7970166636851,0.0027009228478348806,0.10755856643139206,4410.8099651937364,2.4385218878199336e-05,7.7989385393104462e-13,4349.7970166637342,1.7929430981338483e-16,2.4385218878199336e-05,0,1,1,0,,0,0
7,7100,11.421734351438536,4339.0387662815019,0.0026323190380773687,0.10436274907955788,4400.0566744240632,2.371850110162916e-05,4.953372129175705e-13,4339.0387662815601,1.1415828242116886e-16,2.371850110162916e-05,0,1,1,0,,0,0
7,7200,11.105175213582008,4328.5625776227935,0.002565557275524215,0.10126603718673192,4389.585960103941,2.3069610233657217e-05,6.8994702292146052e-13,4328.5625776228317,1.5939402758972401e-16,2.3069610233657217e-05,0,1,1,0,,0,0
7,7300,10.79836904973115,4318.3609342794189,0.0025005712153453922,0.098264470732098805,4379.3900728112039,2.2437935214348511e-05,7.5031278647117377e-13,4318.3609342794707,1.7374943824522286e-16,2.2437935214348511e-05,0,1,1,0,,0,0
7,7400,10.500958455810631,4308.4266716296197,0.002437306993051073,0.095354638264821392,4369.4614706790335,2.1822972671733588e-05,7.9304308879565139e-13,4308.4266716296734,1.8406790906242366e-16,2.1822972671733588e-05,0,1,1,0,,0,0
7,7500,10.212640136551455,4298.7543608862998,0.0023757207970463924,0.092533118375645845,4359.7930454038633,2.1224199729662665e-05,6.4473390005721082e-13,4298.7543608863543,1.4998156347883857e-16,2.1224199729662665e-05,0,1,1,0,,0,0
7,7600,9.9330506359233866,4289.3381126275563,0.0023157537072400697,0.089796750282440246,4350.3770889191373,2.0641141778528097e-05,6.0407730919403622e-13,4289.3381126276054,1.4083229004858853e-16,2.0641141778528097e-05,0,1,1,0,,0,0
7,7700,9.661847619659067,4280.1687516302381,0.002257352029865422,0.087142414419550715,4341.2069253671825,2.0073315075203458e-05,8.381769789274655e-13,4280.1687516302954,1.9582802164241958e-16,2.0073315075203458e-05,0,1,1,0,,0,0
7,7800,9.3987411418065729,4271.2405304724507,0.0022004710516190383,0.08456720529772313,4332.2759596725264,1.9520272042899942e-05,8.0957252256220785e-13,4271.2405304725107,1.895403728229391e-16,1.9520272042899942e-05,0,1,1,0,,0,0
7,7900,9.1434505201048673,4262.5446753763918,0.0021450685485888735,0.082068259064141821,4323.5777226536356,1.8981562106340874e-05,7.2470963878270211e-13,4262.5446753764363,1.7001807464192763e-16,1.8981562106340874e-05,0,1,1,0,,0,0
7,8000,8.8957040578177757,4254.0753275747356,0.0020911016784672803,0.079642976819776903,4315.1066002564521,1.8456780839445224e-05,6.9874875339934206e-13,4254.0753275747884,1.6425396815850291e-16,1.8456780839445224e-05,0,1,1,0,,0,0
7,8100,8.6552505704699652,4245.8285298248529,0.002038530409240763,0.077288814164261047,4306.8561739525203,1.7945529416955426e-05,6.3275345143992765e-13,4245.8285298248993,1.4902944077819901e-16,1.7945529416955426e-05,0,1,1,0,,0,0
7,8200,8.4218256101891633,4237.7964260211511,0.0019873124528769258,0.075003362095477116,4298.8207559674393,1.7447427179037566e-05,7.2006722695813785e-13,4237.7964260212038,1.6991548308850619e-16,1.7447427179037566e-05,0,1,1,0,,0,0
7,8300,8.1951748511193028,4229.9725802701169,0.001937406140489917,0.072784277028620531,4290.9942404539315,1.6962100844237184e-05,6.6750993202977405e-13,4229.9725802701723,1.5780478936039335e-16,1.6962100844237184e-05,0,1,1,0,,0,0
7,8400,7.9750623024823941,4222.3519352817766,0.0018887725193731824,0.070629343331875261,4283.3711562219123,1.6489195252034356e-05,6.5146955518168796e-13,4222.3519352818203,1.5429068092075223e-16,1.6489195252034356e-05,0,1,1,0,,0,0
7,8500,7.7612663779600997,4214.9295180919162,0.0018413751273054734,0.068536457971254849,4275.946392825198,1.6028371657384491e-05,6.4296471589280792e-13,4214.9295180919753,1.5254459490555532e-16,1.6028371657384491e-05,0,1,1,0,,0,0
7,8600,7.5535919486294549,4207.6999656597354,0.0017951831191093752,0.066503638950931337,4268.714732784606,1.5579312067908808e-05,5.9747995167995613e-13,4207.6999656597854,1.4199680503746865e-16,1.5579312067908808e-05,0,1,1,0,,0,0
7,8700,7.3518379583766675,4200.6576816317547,0.0017501635495137109,0.064528948822199811,4261.6705602299999,1.5141702745487962e-05,7.6651505302069943e-13,4200.6576816318056,1.8247501013292178e-16,1.5141702745487962e-05,0,1,1,0,,0,0
7,8800,7.1558040625105663,4193.7979174346974,0.0017062825160845368,0.062610501699529003,4254.8089639292339,1.4715232159732364e-05,6.2230482717940305e-13,4193.7979174347474,1.4838693695571604e-16,1.4715232159732364e-05,0,1,1,0,,0,0
7,8900,6.9653150824551027,4187.1166683669944,0.0016635111065991925,0.060746566694323344,4248.125255200036,1.4299617606605365e-05,7.7886706322820754e-13,4187.1166683670572,1.8601513282694355e-16,1.4299617606605365e-05,0,1,1,0,,0,0
7,9000,6.7801796876191363,4180.6081470357603,0.0016218165992013839,0.058935346121973702,4241.6149503449724,1.3894553563184811e-05,2.9521851365352475e-13,4180.608147035804,7.0616164746950729e-17,1.3894553563184811e-05,0,1,1,0,,0,0
7,9100,6.6002291301942844,4174.268045030929,0.0015811704133497685,0.057175199104211302,4235.2733492590214,1.3499765986583685e-05,4.2336171901362091e-13,4174.268045030979,1.0142178567511684e-16,1.3499765986583685e-05,0,1,1,0,,0,0
7,9200,6.425294701833022,4168.0917609253556,0.0015415434856948893,0.055464570107228578,4229.0959026060618,1.3114994642956687e-05,7.7837911846399691e-13,4168.0917609254029,1.8674711669283898e-16,1.3114994642956687e-05,0,1,1,0,,0,0
7,9300,6.2552228916413002,4162.075473818797,0.001502909529389671,0.05380193324116616,4223.0782125486949,1.2739980301879334e-05,7.1126231184813287e-13,4162.0754738188471,1.7089125757624123e-16,1.2739980301879334e-05,0,1,1,0,,0,0
7,9400,6.0898706496029211,4156.2155151294974,0.0014652441932894271,0.05218585590742101,4217.2161408730117,1.2374479790504156e-05,7.0325582799365992e-13,4156.2155151295428,1.6920581366236984e-16,1.2374479790504156e-05,0,1,1,0,,0,0
7,9500,5.9290915747011539,4150.5068408026173,0.0014285222991114496,0.050614924219643642,4211.5056014365837,1.201824929364416e-05,6.2588168256774972e-13,4150.5068408026718,1.5079644645199758e-16,1.201824929364416e-05,0,1,1,0,,0,0
7,9600,5.7727449720540891,4144.9455538122465,0.0013927191315564328,0.049087783778509017,4205.9427676102678,1.1671053671136783e-05,6.7067222747087783e-13,4144.945553812302,1.6180483404758573e-16,1.1671053671136783e-05,0,1,1,0,,0,0
7,9700,5.6206967203497147,4139.5278260073183,0.001357811073291183,0.047603129341551226,4200.5237944366654,1.1332665084435097e-05,6.466891555490271e-13,4139.5278260073701,1.5622292752474801e-16,1.1332665084435097e-05,0,1,1,0,,0,0
7,9800,5.4728194124019067,4134.2499216056949,0.0013237756585059877,0.046159698329449099,4195.2447765103025,1.1002861760987819e-05,7.2269798042571935e-13,4134.2499216057422,1.7480752110530935e-16,1.1002861760987819e-05,0,1,1,0,,0,0
7,9900,5.3289827885901593,4129.1082936330695,0.0012905892530857695,0.044756290489135042,4190.1023743595206,1.0681431261205468e-05,6.8938573039797359e-13,4129.1082936331259,1.6695753208046667e-16,1.0681431261205468e-05,0,1,1,0,,0,0
7,10000,5.1890641594254019,4124.0994963629037,0.0012582296241886754,0.043391760183741211,4185.0928223549581,1.0368171513893592e-05,6.1839873707248045e-13,4124.0994963629537,1.4994757949410453e-16,1.0368171513893592e-05,0,1,1,0,,0,0
7,10100,5.0529470256273958,4119.2199167973022,0.0012266757123169253,0.042064981507329617,4180.2127855567142,1.0062880447777844e-05,6.0815611588340931e-13,4119.2199167973577,1.4763866172900114e-16,1.0062880447777844e-05,0,1,1,0,,0,0
7,10200,4.9205213396503122,4114.4661965873547,0.0011959075866831816,0.040774918294197528,4175.4590629202185,9.7653737420863385e-06,6.4005512489646269e-13,4114.4661965874084,1.5556212988876484e-16,9.7653737420863385e-06,0,1,1,0,,0,0
7,10300,4.7916755918741334,4109.8350760276626,0.0011659045930635006,0.039520529248239775,4170.8280930958235,9.4754634729875462e-06,6.6109071168549041e-13,4109.8350760277071,1.6085577631607949e-16,9.4754634729875462e-06,0,1,1,0,,0,0
7,10400,4.666309861751639,4105.3234844627668,0.0011366485197602605,0.038300806710776278,4166.316674521393,9.1929658023837323e-06,5.9137374198517671e-13,4105.3234844628196,1.4405046136396186e-16,9.1929658023837323e-06,0,1,1,0,,0,0
7,10500,4.5443207657743176,4100.9282888408243,0.0011081200269070844,0.037114797699835791,4161.9217127718475,8.9177068338263542e-06,7.3284318986124094e-13,4100.9282888408725,1.787017812175348e-16,8.9177068338263542e-06,0,1,1,0,,0,0
7,10600,4.4256103142125864,4096.6469502643895,0.0010803006380442342,0.035961603131555345,4157.6401720709837,8.6495227203950953e-06,5.7940182807187008e-13,4096.6469502644368,1.4143318550661779e-16,8.6495227203950953e-06,0,1,1,0,,0,0
7,10700,4.3100841684871831,4092.4760860170427,0.0010531727193748676,0.034840355192318602,4153.4691390933494,8.3882542582039788e-06,6.5807236441157481e-13,4092.4760860171036,1.6080053996162179e-16,8.3882542582039788e-06,0,1,1,0,,0,0
7,10800,4.1976513195873233,4088.4127720783272,0.0010267190603294846,0.03375020261141503,4149.4058405987307,8.1337434582068036e-06,7.3809431407829474e-13,4088.4127720783704,1.805332179566301e-16,8.1337434582068036e-06,0,1,1,0,,0,0
7,10900,4.088224432069274,4084.4542708307258,0.0010009230514013763,0.032690375370620021,4145.4474502734674,7.8858496610452752e-06,7.4483355850488587e-13,4084.4542708307822,1.8235815830382304e-16,7.8858496610452752e-06,0,1,1,0,,0,0
7,11000,3.9817149104831713,4080.597942350722,0.00097576751415735243,0.031660059728738039,4141.5912231624488,7.6444192637058352e-06,6.7054752198642713e-13,4080.5979423507702,1.6432580015470353e-16,7.6444192637058352e-06,1,1,1,1,,0,0
8,100,579.79899010541135,4236.1583187653005,0.13686905598806881,4.0960901728398218,4285.9115739901608,0.00095571037855696672,7.4811342508368387e-13,4236.1583187653387,1.7660185686868459e-16,0.00095571037855696672,0,1,1,0,,0,0
8,200,332.76965955242468,4514.2404684018575,0.073715536839851298,2.9259401884996077,4563.8951650426015,0.00064110591560275149,7.1185031237923791e-13,4514.2404684018911,1.5768994083543884e-16,0.00064110591560275149,0,1,1,0,,0,0
8,300,266.79014938621651,4740.189158647735,0.056282595579440022,2.4026680297152576,4789.7480892754056,0.00050162722233659969,8.7212835533622139e-13,4740.1891586477814,1.839859816026858e-16,0.00050162722233659969,0,1,1,0,,0,0
8,400,225.50453090023748,4931.4811896778901,0.045727545584527879,2.0517164585977916,4980.9302745605728,0.00041191431027988001,9.1016346901313635e-13,4931.4811896779293,1.8456188597417692e-16,0.00041191431027988001,0,1,1,0,,0,0
8,500,196.4515638509979,5097.9871898327719,0.038535123085988388,1.8016409627562755,5147.5322389589564,0.00035000090900268779,8.872954573093143e-13,5097.9871898328183,1.740481928002671e-16,0.00035000090900268779,0,1,1,0,,0,0
8,600,175.04645285182744,5246.1211983389339,0.033366833558334863,1.6180034522752293,5295.7174579912398,0.00030553054710909125,9.5022470752274021e-13,5246.121198338984,1.8112900400082225e-16,0.00030553054710909125,0,1,1,0,,0,0
8,700,158.86878485513458,5379.99821554551,0.029529523708034525,1.4804803878973589,5429.5146939459191,0.00027267269200839282,7.9418839634846829e-13,5379.9982155455546,1.476187099939278e-16,0.00027267269200839282,0,1,1,0,,0,0
8,800,146.33503999102174,5502.1379907778419,0.02659603234893319,1.3727209453309801,5551.6807463275491,0.00024726222707223189,9.030085122509776e-13,5502.1379907778637,1.6411956838678176e-16,0.00024726222707223189,0,1,1,0,,0,0
8,900,136.10002937608499,5614.5910120847393,0.024240417348858692,1.2841626748600861,5664.2039096180615,0.00022671547411623417,9.4866047356783733e-13,5614.5910120847966,1.689634154163587e-16,0.00022671547411623417,0,1,1,0,,0,0
8,1000,127.48843487984405,5718.8673825131118,0.022292602075311675,1.2079888934745615,5768.5285107375921,0.0002094102319553418,1.0470202060631735e-12,5718.8673825131573,1.8308174259551729e-16,0.0002094102319553418,0,1,1,0,,0,0
8,1100,119.93054051585212,5816.0768837378018,0.020620521859191224,1.140629969773473,5865.7774789130335,0.00019445503581987892,1.1329469797415732e-12,5816.0768837378528,1.9479573643693914e-16,0.00019445503581987892,0,1,1,0,,0,0
8,1200,113.23774351653229,5907.0974390963438,0.019169777489544033,1.0797271500519536,5956.8530168175957,0.00018125798085056493,1.0488797178210716e-12,5907.0974390963811,1.7756262337557116e-16,0.00018125798085056493,0,1,1,0,,0,0
8,1300,107.13266500544137,5992.6674407898336,0.017877291884450256,1.0239879451816398,6042.5126448331357,0.00016946393087935644,6.780471493720761e-13,5992.6674407898718,1.1314613334904249e-16,0.00016946393087935644,0,1,1,0,,0,0
8,1400,101.56877803698562,6073.431918193658,0.016723457084078734,0.97259090686658722,6123.3550838964375,0.00015883300797374375,1.1470780583527039e-12,6073.4319181936989,1.8886818421665238e-16,0.00015883300797374375,0,1,1,0,,0,0
8,1500,96.419001362632542,6149.8590060858342,0.015678245837378927,0.92474920955406803,6199.8657333231367,0.00014915632843203543,9.4353569045585537e-13,6149.8590060858896,1.5342395484549061e-16,0.00014915632843203543,0,1,1,0,,0,0
8,1600,91.614677605746209,6222.3680551099487,0.014723442392725414,0.88015786710350363,6272.447707301264,0.0001403212761868036,1.2612090835399919e-12,6222.3680551099878,2.0268956647529885e-16,0.0001403212761868036,0,1,1,0,,0,0
8,1700,87.175111240476511,6291.3159153818033,0.013856419294942699,0.83850337044366285,6341.4606421173175,0.00013222558930267196,8.642172302391921e-13,6291.3159153818269,1.3736668796526995e-16,0.00013222558930267196,0,1,1,0,,0,0
8,1800,83.016213111364806,6357.0153926894473,0.013058991992819973,0.79936104863183144,6407.2070831068168,0.00012475967114273853,1.1090757938840329e-12,6357.0153926894864,1.744648589587278e-16,0.00012475967114273853,0,1,1,0,,0,0
8,1900,79.100534104224266,6419.7210938515555,0.012321490754478769,0.76259211370850555,6469.9475310163634,0.00011786681577442562,9.2669490516558012e-13,6419.7210938516055,1.4435127190386958e-16,0.00011786681577442562,0,1,1,0,,0,0
8,2000,75.442318909630885,6479.6745196662778,0.011642917970749615,0.72809291999911907,6529.9189113847651,0.00011150106607445088,9.0160299914137949e-13,6479.6745196663214,1.3914325424910518e-16,0.00011150106607445088,0,1,1,0,,0,0
8,2100,72.012783701680959,6537.0651469024424,0.01101607251624284,0.69560986705135985,6587.3298288825181,0.00010559815359501498,1.0380803086297271e-12,6537.0651469024933,1.587991377325662e-16,0.00010559815359501498,0,1,1,0,,0,0
8,2200,68.781671618638626,6592.0744618699882,0.01043399494597444,0.66500643581973884,6642.3607225649857,0.00010011597737542667,1.0203175381407609e-12,6592.074461870021,1.5477943157992182e-16,0.00010011597737542667,0,1,1,0,,0,0
8,2300,65.738050477296611,6644.8732612551776,0.0098930480526394689,0.63620430457760047,6695.1723881403368,9.5024335102193502e-05,1.1657367686242659e-12,6644.8732612552276,1.7543401097225084e-16,9.5024335102193502e-05,0,1,1,0,,0,0
8,2400,62.880958647972093,6695.5961187439989,0.009391390629422805,0.60906518678365484,6745.9078456015477,9.0286615341295573e-05,1.2653690037984599e-12,6695.5961187440535,1.8898526454666376e-16,9.0286615341295573e-05,0,1,1,0,,0,0
8,2500,60.190197888116799,6744.378356326386,0.0089244989987338087,0.58345676699044091,6794.6962679117178,8.5869440514338183e-05,1.2059515407494056e-12,6744.3783563264215,1.7880840561357124e-16,8.5869440514338183e-05,0,1,1,0,,0,0
8,2600,57.647872302171841,6791.3372162590376,0.0084884420352678031,0.55926761106210943,6841.6539480963802,8.1744504370572538e-05,1.206041133541819e-12,6791.3372162590767,1.7758522292994777e-16,8.1744504370572538e-05,0,1,1,0,,0,0
8,2700,55.249953317060033,6836.583994012417,0.0080815145934649193,0.5364356984440124,6886.8941999993658,7.7892251988430697e-05,1.084670586999292e-12,6836.5839940124588,1.5865680695933175e-16,7.7892251988430697e-05,0,1,1,0,,0,0
8,2800,52.98753515743072,6880.2077065592212,0.0077014441158390094,0.51484480257862664,6930.5125013462775,7.4286685505381626e-05,1.1961406410303634e-12,6880.2077065592612,1.7385240272470554e-16,7.4286685505381626e-05,0,1,1,0,,0,0
8,2900,50.848687436700324,6922.2944061275111,0.0073456406869505334,0.49441465845857097,6972.5970013120959,7.0908251024049223e-05,1.2913891287603268e-12,6922.294406127573,1.8655507162729123e-16,7.0908251024049223e-05,0,1,1,0,,0,0
8,3000,48.822387139114312,6962.9252437004498,0.0070117637961552536,0.47505987495030638,7013.2299865081468,6.7737672351286509e-05,1.2619935622570585e-12,6962.9252437004934,1.8124473810756634e-16,6.7737672351286509e-05,0,1,1,0,,0,0
8,3100,46.904939635735325,7002.1767494215183,0.0066986226303999471,0.45672987692918332,7052.4828814772218,6.4761571861272798e-05,1.3389864348600035e-12,7002.1767494215601,1.9122431249262814e-16,6.4761571861272798e-05,0,1,1,0,,0,0
8,3200,45.089350023415683,7040.1155061138443,0.0064046321376771105,0.43934040091597781,7090.4232603477758,6.1962507001934428e-05,1.0032179097462001e-12,7040.1155061138979,1.4250020598028092e-16,6.1962507001934428e-05,0,1,1,0,,0,0
8,3300,43.367370064721243,7076.8086583243703,0.0061280970220536756,0.42283612622959582,7127.1148898487827,5.9327811150041276e-05,1.3061924809045508e-12,7076.8086583244176,1.8457366080798054e-16,5.9327811150041276e-05,0,1,1,0,,0,0
8,3400,41.730443135346164,7112.3155815344526,0.005867349762107012,0.40714980549539259,7162.6169454359961,5.6843721868279939e-05,1.0625147252338958e-12,7112.3155815344981,1.4939082961848211e-16,5.6843721868279939e-05,0,1,1,0,,0,0
8,3500,40.175942157646801,7146.6903987588057,0.0056216150296120732,0.39224958631946583,7196.9845032311741,5.4501935656990863e-05,1.3895409853943632e-12,7146.6903987588503,1.9443139521416539e-16,5.4501935656990863e-05,0,1,1,0,,0,0
8,3600,38.699601300342671,7179.9808063917289,0.0053899310240344504,0.37807439271040605,7230.2664284146458,5.2290520197788209e-05,1.2236016372216621e-12,7179.9808063917708,1.7041851088687952e-16,5.2290520197788209e-05,0,1,1,0,,0,0
8,3700,37.295769448626267,7212.2342284763763,0.0051711811162995468,0.36457963716238173,7262.5105738652492,5.0200221184441646e-05,1.1180726769413136e-12,7212.2342284763981,1.5502445449244777e-16,5.0200221184441646e-05,0,1,1,0,,0,0
8,3800,35.956677374062075,7243.4973878377114,0.0049639939726402885,0.35171431416158305,7293.7615232186517,4.8221252236167938e-05,1.3423427302804234e-12,7243.4973878377459,1.8531693440440734e-16,4.8221252236167938e-05,0,1,1,0,,0,0
8,3900,34.680752643628153,7273.8100875398623,0.0047678936109476879,0.33946205286625591,7324.060962687493,4.6348884122572026e-05,1.3461353512184571e-12,7273.8100875399077,1.8506605685573194e-16,4.6348884122572026e-05,0,1,1,0,,0,0
8,4000,33.466596637900579,7303.2105701999899,0.0045824499124340785,0.32777800044911648,7353.447393362575,4.4574739290985882e-05,1.167413193363582e-12,7303.210570200019,1.59849313140044e-16,4.4574739290985882e-05,0,1,1,0,,0,0
8,4100,32.308697781732349,7331.7358414447044,0.0044066914684921304,0.31662041264615004,7381.9567775387695,4.2891122528587191e-05,1.2925743645992444e-12,7331.7358414447272,1.7629854546758208e-16,4.2891122528587191e-05,0,1,1,0,,0,0
8,4200,31.200099355604571,7359.4195547614618,0.0042394782799709332,0.30595577066594737,7409.6236657613126,4.1291674782313184e-05,1.1963386959681563e-12,7359.4195547615163,1.6255883865109031e-16,4.1291674782313184e-05,0,1,1,0,,0,0
8,4300,30.141786159261823,7386.2941139628174,0.0040807725354833546,0.29578016751889141,7436.4795338555678,3.977421926226148e-05,1.2826548327988377e-12,7386.2941139628583,1.736533656809225e-16,3.977421926226148e-05,0,1,1,0,,0,0
8,4400,29.133340678946912,7412.3878346801994,0.003930358385005342,0.28604832806643826,7462.5543129299749,3.8331155268219271e-05,1.4586444624717495e-12,7412.3878346802412,1.9678469273385952e-16,3.8331155268219271e-05,0,1,1,0,,0,0
8,4500,28.167373624357083,7437.7281713523216,0.0037870937167142683,0.27673135699658236,7487.8772660503573,3.6957250655171368e-05,1.1879521054433283e-12,7437.7281713523726,1.5971975287009282e-16,3.6957250655171368e-05,0,1,1,0,,0,0
8,4600,27.24011862369851,7462.3429585986805,0.0036503439703626014,0.26781077378948315,7512.4754633748662,3.5648805123574169e-05,1.1835329249168481e-12,7462.3429585987378,1.5860071447843095e-16,3.5648805123574169e-05,0,1,1,0,,0,0
8,4700,26.355402984606854,7486.2585564835681,0.0035205039721452618,0.2592817228723896,7536.3734536328138,3.440404386375069e-05,1.2231738792305516e-12,7486.2585564836236,1.6338921104604349e-16,3.440404386375069e-05,0,1,1,0,,0,0
8,4800,25.508494047653329,7509.497872749098,0.0033968308507310503,0.25109868604202373,7559.5962050491462,3.3215886038239963e-05,1.3857567081543764e-12,7509.4978727491498,1.8453387052456347e-16,3.3215886038239963e-05,0,1,1,0,,0,0
8,4900,24.694419018914534,7532.0838858652078,0.0032785639927957193,0.24324635977032791,7582.1665511967385,3.2081379131923034e-05,1.2597267475066931e-12,7532.0838858652614,1.6724810379113027e-16,3.2081379131923034e-05,0,1,1,0,,0,0
8,5000,23.913624525163751,7554.0386373946749,0.0031656741079909754,0.23572921319661033,7604.1063117935819,3.1000252170462993e-05,1.3403783471615675e-12,7554.0386373947149,1.77438640640028e-16,3.1000252170462993e-05,0,1,1,0,,0,0
8,5100,23.166792281034514,7575.3835612833518,0.0030581675625557117,0.22850678602700403,7625.4358399773046,2.9966390226382672e-05,1.2601077441969175e-12,7575.3835612833755,1.6634243454511466e-16,2.9966390226382672e-05,0,1,1,0,,0,0
8,5200,22.448138044255163,7596.1388471771006,0.0029552037549441853,0.22156827559262299,7646.1751477275366,2.8977661551275563e-05,8.3367641166376492e-13,7596.1388471771425,1.0975002279922431e-16,2.8977661551275563e-05,0,1,1,0,,0,0
8,5300,21.756685143018505,7616.3226172850482,0.0028565866017337903,0.21490613493764199,7666.3436017741215,2.8032416247024081e-05,9.521154201627669e-13,7616.32261728509,1.2500985948283759e-16,2.8032416247024081e-05,0,1,1,0,,0,0
8,5400,21.094280126935711,7635.9528479519204,0.002762494811972748,0.20850081107189361,7685.9587537194529,2.7127495443687381e-05,1.2493755269529051e-12,7635.9528479519668,1.6361750155227833e-16,2.7127495443687381e-05,0,1,1,0,,0,0
8,5500,20.456214234995159,7655.0469913463585,0.0026722519480441949,0.20233730809982103,7705.0381558826421,2.6260390150740598e-05,1.384938832198749e-12,7655.0469913463885,1.8091839720439945e-16,2.6260390150740598e-05,0,1,1,0,,0,0
8,5600,19.841387847959457,7673.6222822650006,0.0025856612585448929,0.19640730398135517,7723.5983309949606,2.5429507797313665e-05,1.1018161938245374e-12,7673.6222822650343,1.4358488772258318e-16,2.5429507797313665e-05,0,1,1,0,,0,0
8,5700,19.250864296166068,7691.694691761897,0.0025028118077521314,0.19069717022698063,7741.6551728462964,2.463260968995974e-05,1.44640202423454e-12,7691.6946917619352,1.8804724864907671e-16,2.463260968995974e-05,0,1,1,0,,0,0
8,5800,18.681411922754464,7709.2790647299735,0.0024232372139986608,0.18519423367938914,7759.2238328443837,2.3867623575372545e-05,1.0614563927181689e-12,7709.2790647300144,1.3768555837786915e-16,2.3867623575372545e-05,0,1,1,0,,0,0
8,5900,18.132164685915459,7726.3900588231736,0.0023467834975803973,0.17989023065627296,7776.3192503888822,2.3133081971560894e-05,1.3847339514459506e-12,7726.3900588232382,1.7922133634253142e-16,2.3133081971560894e-05,0,1,1,0,,0,0
8,6000,17.603068658460334,7743.0419999343139,0.0022734047753595636,0.17477407561492733,7792.9557396661112,2.2427186994701899e-05,1.334295612773163e-12,7743.0419999343812,1.7232188754555e-16,2.2427186994701899e-05,0,1,1,0,,0,0
8,6100,17.092305845265866,7759.2477660335198,0.0022028302692031895,0.16983621701502669,7809.1465980158746,2.1748370949801118e-05,1.3863035068853446e-12,7759.2477660335626,1.78664678418177e-16,2.1748370949801118e-05,0,1,1,0,,0,0
8,6200,16.598933082193369,7775.0202078541297,0.0021349054585640234,0.16506875281955202,7824.904670701032,2.1095305280538777e-05,1.136729136858093e-12,7775.0202078541652,1.4620272442633558e-16,2.1095305280538777e-05,0,1,1,0,,0,0
8,6300,16.122684970198979,7790.3721859992947,0.0020695654309269527,0.16046325160636199,7840.2424217513335,2.0466618629187502e-05,1.4139996284113728e-12,7790.3721859993411,1.8150604292726567e-16,2.0466618629187502e-05,0,1,1,0,,0,0
8,6400,15.662298107477323,7805.3159342841764,0.0020066193654868,0.15601188687237333,7855.1719120735715,1.9861040422626477e-05,1.1513092750684083e-12,7805.3159342842155,1.4750322533536098e-16,1.9861040422626477e-05,0,1,1,0,,0,0
8,6500,15.217076404562119,7819.8631494431065,0.0019459517530873679,0.15170754627194818,7869.7047535500678,1.9277412688641471e-05,1.3752647058543153e-12,7819.8631494431402,1.7586812960432039e-16,1.9277412688641471e-05,0,1,1,0,,0,0
8,6600,14.786456925608567,7834.0250165619045,0.0018874661357793131,0.14754441904148552,7883.8524302309361,1.8714761640606152e-05,1.3363473205419579e-12,7834.02501656195,1.7058246785232106e-16,1.8714761640606152e-05,0,1,1,0,,0,0
8,6700,14.369892733989589,7847.8124610921623,0.0018310698433777002,0.14351656745662933,7897.6258062108254,1.8172115389889136e-05,1.1873560199827417e-12,7847.8124610921941,1.512977056816028e-16,1.8172115389889136e-05,0,1,1,0,,0,0
8,6800,13.966642861603333,7861.236137446137,0.0017766471604986854,0.13961768768045019,7911.0352315032933,1.7648472493772394e-05,1.4301877417815037e-12,7861.2361374461834,1.8192911607997024e-16,1.7648472493772394e-05,0,1,1,0,,0,0
8,6900,13.576201115789447,7874.3061768321004,0.0017241139486972891,0.13584257153159746,7924.0910265313432,1.7142984738157482e-05,8.6000645793421916e-13,7874.306176832135,1.0921679175551226e-16,1.7142984738157482e-05,0,1,1,0,,0,0
8,7000,13.198104421143812,7887.0321576440001,0.0016733930022527416,0.13218653666212302,7936.8030166707986,1.6654884389151752e-05,1.1008157151414156e-12,7887.0321576440328,1.3957287014159261e-16,1.6654884389151752e-05,0,1,1,0,,0,0
8,7100,12.831771583728163,7899.4235390242775,0.0016243934155875277,0.12864475793251237,7949.1808000672281,1.618339815989899e-05,1.2728382885581141e-12,7899.423539024312,1.6113052835692454e-16,1.618339815989899e-05,0,1,1,0,,0,0
8,7200,12.476754466469997,7911.4893461214579,0.0015770424405092099,0.12521276224333647,7961.2335284901274,1.5727809239014178e-05,3.3932379916144523e-13,7911.4893461215133,4.2890002667802811e-17,1.5727809239014178e-05,0,1,1,0,,0,0
8,7300,12.132647685091284,7923.2384938375935,0.0015312738212446358,0.12188628606630768,7972.9701631596017,1.5287437877229614e-05,1.3306765459214064e-12,7923.2384938376254,1.6794604213369985e-16,1.5287437877229614e-05,0,1,1,0,,0,0
8,7400,11.799078997418645,7934.679655719272,0.0014870265101268375,0.11866152633345574,7984.3993306361299,1.4861672296142756e-05,1.3849299641873077e-12,7934.6796557193093,1.7454138343052723e-16,1.4861672296142756e-05,0,1,1,0,,0,0
8,7500,11.475648226937167,7945.821197299445,0.0014442369066695597,0.11553478539829211,7995.5292360324502,1.4449923449422956e-05,1.2697483123665304e-12,7945.8211972994904,1.5980076581613413e-16,1.4449923449422956e-05,0,1,1,0,,0,0
8,7600,11.161919280510819,7956.671250833052,0.0014028378110182925,0.11250244331172907,8006.3680270506366,1.405162027671271e-05,1.3607799274602348e-12,7956.6712508330857,1.710237716957022e-16,1.405162027671271e-05,0,1,1,0,,0,0
8,7700,10.857597533379105,7967.2377543133616,0.0013627806610265821,0.10956100444902191,8016.9235205469777,1.3666215496283891e-05,1.1586742858370907e-12,7967.2377543133853,1.4542986183759806e-16,1.3666215496283891e-05,0,1,1,0,,0,0
8,7800,10.562336235160855,7977.5283369079607,0.0013240111208749085,0.10670724756560733,8027.2033795833986,1.3293203438324407e-05,1.2791009545556138e-12,7977.5283369080043,1.6033800201471653e-16,1.3293203438324407e-05,0,1,1,0,,0,0
8,7900,10.275820976826719,7987.5504008119997,0.0012864796415910061,0.10393803148082509,8037.2150591024138,1.2932095348514011e-05,1.2039506718981049e-12,7987.5504008120552,1.5072839750415912e-16,1.2932095348514011e-05,0,1,1,0,,0,0
8,8000,9.9977590817809077,7997.3112231663827,0.0012501400536745007,0.10125047509206167,8046.9656787721515,1.2582441523164418e-05,1.2083314593857013e-12,7997.3112231664272,1.5109221407883122e-16,1.2582441523164418e-05,0,1,1,0,,0,0
8,8100,9.7278317449574558,8006.8178249934035,0.0012149435590493743,0.098641736722793652,8056.4622604007845,1.2243802991250718e-05,1.4550456134494109e-12,8006.8178249934526,1.8172582981811513e-16,1.2243802991250718e-05,0,1,1,0,,0,0
8,8200,9.4657501981240806,8016.0768887566319,0.001180845734077322,0.096109087427373591,8065.7115555303244,1.1915760533424427e-05,1.2331236885412952e-12,8016.0768887566937,1.5383131994041473e-16,1.1915760533424427e-05,0,1,1,0,,0,0
8,8300,9.2112422864295151,8025.0951040048976,0.0011478047508536907,0.093649923578065258,8074.7202089057473,1.1597915612577777e-05,1.4283505230837444e-12,8025.0951040049413,1.7798549482247544e-16,1.1597915612577777e-05,0,1,1,0,,0,0
8,8400,8.9640652371638581,8033.8788498899703,0.0011157829741590673,0.091261727499956896,8083.4945605997427,1.1289885434547242e-05,9.1111487674828311e-13,8033.8788498900112,1.1340908840824215e-16,1.1289885434547242e-05,0,1,1,0,,0,0
8,8500,8.7239798542003619,8042.4342892449504,0.0010847436908333629,0.088942244050865329,8092.0408065334123,1.099132421317679e-05,1.4590522393791508e-12,8042.4342892450004,1.8141923041016506e-16,1.099132421317679e-05,0,1,1,0,,0,0
8,8600,8.4907370382238199,8050.7676370877407,0.0010546493727019591,0.086689156261256103,8100.3649750152408,1.0701882758201645e-05,1.2418005153290164e-12,8050.767637087778,1.5424622487032996e-16,1.0701882758201645e-05,0,1,1,0,,0,0
8,8700,8.2641323028642066,8058.8847319600318,0.001025468483261735,0.084500313915218783,8108.472996313646,1.0421236397239671e-05,1.5055957071081604e-12,8058.8847319600718,1.8682432584464716e-16,1.0421236397239671e-05,0,1,1,0,,0,0
8,8800,8.0439382369263157,8066.7911761635605,0.00099716703473064086,0.082373593079695301,8116.3705437078515,1.0149067571040696e-05,1.441749948187564e-12,8066.7911761636078,1.7872657376426958e-16,1.0149067571040696e-05,1,1,1,1,,0,0
9,100,521.63423086119656,7727.2619694350487,0.067505700327555221,3.2792025233380047,7774.9900472670706,0.00042176292231919357,1.2926373262522797e-12,7727.2619694350633,1.6728271040444404e-16,0.00042176292231919357,0,1,1,0,,0,0
9,200,269.39389938759348,7531.6148289832508,0.035768411622818075,2.2745832848284189,7584.005451612471,0.00029991846648063909,1.1765967614236464e-12,7531.614828983279,1.5622104796116871e-16,0.00029991846648063909,0,1,1,0,,0,0
9,300,208.81759418166115,7374.4195225174617,0.028316478814914982,1.8353249908843499,7431.1734378181809,0.00024697647097619185,8.444315659247143e-13,7374.419522517489,1.1450820818455975e-16,0.00024697647097619185,0,1,1,0,,0,0
9,400,173.78729212911458,7238.2012183287989,0.024009734861894276,1.5569906599628065,7297.6315527963625,0.00021335561389999018,1.2328532029691496e-12,7238.2012183288471,1.7032590912881396e-16,0.00021335561389999018,0,1,1,0,,0,0
9,500,150.20496764064944,7116.4441464330303,0.021106744400704185,1.3636621853739657,7177.6240732839406,0.00018998796418576662,8.4262171316741487e-13,7116.4441464330639,1.1840487971647434e-16,0.00018998796418576662,0,1,1,0,,0,0
9,600,133.32591812611577,7006.1432607802572,0.019029858962842216,1.2243929782331733,7067.9454494344545,0.00017323180929914277,1.106959056431262e-12,7006.1432607802926,1.579983473400995e-16,0.00017323180929914277,0,1,1,0,,0,0
9,700,120.80461952863175,6905.269761391849,0.017494554695612931,1.1194565506104359,6967.2009273682952,0.00016067522126612268,1.1073545032918084e-12,6905.2697613918863,1.6036368477349687e-16,0.00016067522126612268,0,1,1,0,,0,0
9,800,111.02760861528397,6812.1141214742238,0.01629855381683715,1.0354165421327639,6874.167616879402,0.00015062427916222413,1.1582257837973437e-12,6812.1141214742338,1.7002442459767363e-16,0.00015062427916222413,0,1,1,0,,0,0
9,900,102.91707932626312,6725.8873229525871,0.015301635960366298,0.96484898179224454,6788.0381403003094,0.00014213959348047486,1.1731572829208831e-12,6725.8873229526325,1.744241654060111e-16,0.00014213959348047486,0,1,1,0,,0,0
9,1000,96.016190758681034,6646.1239242341671,0.014446945596149861,0.90325703512653388,6708.1279054003098,0.0001346511348418649,9.2040453102630983e-13,6646.1239242342099,1.3848741635258661e-16,0.0001346511348418649,0,1,1,0,,0,0
9,1100,89.914840405120785,6571.9847784898438,0.01368153509719206,0.8485698993114521,6633.8299128047456,0.00012791553453511467,1.2555765564539457e-12,6571.9847784898884,1.9104982722471434e-16,0.00012791553453511467,0,1,1,0,,0,0
9,1200,84.500793196912511,6502.917151388845,0.012994290289991692,0.79895200618800577,6564.5818504902736,0.00012170645813919378,1.2816334464838414e-12,6502.9171513888687,1.9708592569261244e-16,0.00012170645813919378,0,1,1,0,,0,0
9,1300,79.542646824720819,6438.5551015030105,0.012354114482324218,0.75359661970616654,6499.9073120358735,0.00011593959475556401,9.6609562293599211e-13,6438.5551015030524,1.5004851363475345e-16,0.00011593959475556401,0,1,1,0,,0,0
9,1400,75.044901351896684,6378.2785848955455,0.011765698276273341,0.71196124336704669,6439.4763247531191,0.00011056197856187356,1.0657378897331387e-12,6378.2785848955846,1.6708863928535749e-16,0.00011056197856187356,0,1,1,0,,0,0
9,1500,70.895612838116861,6321.6930803663117,0.011214655937394671,0.67335801472375645,6382.7942812992233,0.00010549580403940166,1.075923648118153e-12,6321.6930803663454,1.7019548947412718e-16,0.00010549580403940166,0,1,1,0,,0,0
9,1600,67.036851893815836,6268.4698175933263,0.010694292840920706,0.63764891465914053,6329.4546218252508,0.00010074310548975215,1.1957385629606312e-12,6268.4698175933499,1.9075445806640423e-16,0.00010074310548975215,0,1,1,0,,0,0
9,1700,63.509067269923548,6218.2661706428516,0.010213307942615442,0.60448554819119382,6279.1534191590517,9.6268638117166875e-05,9.2717335024352905e-13,6218.2661706428726,1.4910480265718083e-16,9.6268638117166875e-05,0,1,1,0,,0,0
9,1800,60.217307376406481,6170.8162227163048,0.0097584023252437237,0.57361243715655785,6231.583426618874,9.20492269599266e-05,1.0990298509924571e-12,6170.816222716343,1.7810121243712444e-16,9.20492269599266e-05,0,1,1,0,,0,0
9,1900,57.143185522653951,6125.8248056822795,0.0093282435158198226,0.5449049173398387,6186.4742456766926,8.808004296156826e-05,1.0161377210783618e-12,6125.8248056823131,1.658776986465223e-16,8.808004296156826e-05,0,1,1,0,,0,0
9,2000,54.310868361695398,6083.1147282570264,0.0089281348105129197,0.51816035526063642,6143.6426227910797,8.4340901168049101e-05,6.6374519287526511e-13,6083.1147282570519,1.0911271980323852e-16,8.4340901168049101e-05,0,1,1,0,,0,0
9,2100,51.663650158885062,6042.5244687795548,0.0085500109144481268,0.49315742948545854,6102.9047824321824,8.0807000447567399e-05,8.9380325718284824e-13,6042.5244687795894,1.4791884779299372e-16,8.0807000447567399e-05,0,1,1,0,,0,0
9,2200,49.177126387282925,6003.8110120425463,0.008190985074087543,0.4697579081204033,6064.0785065383134,7.7465670606656636e-05,1.1079295253723373e-12,6003.8110120425554,1.8453770832393487e-16,7.7465670606656636e-05,0,1,1,0,,0,0
9,2300,46.866661804946183,5966.8340204859069,0.0078545274837609133,0.44791166193301135,6027.0028553350821,7.4317479630281157e-05,9.0052728932122315e-13,5966.8340204859296,1.5092212825586284e-16,7.4317479630281157e-05,0,1,1,0,,0,0
9,2400,44.706701071309823,5931.4586462479738,0.0075372187075079186,0.42739734324935458,5991.5483249974668,7.1333371620521021e-05,1.0792030331587205e-12,5931.4586462480011,1.8194563892667114e-16,7.1333371620521021e-05,0,1,1,0,,0,0
9,2500,42.674208733558409,5897.5702801226307,0.0072358965992128993,0.40813023620184113,5957.5981549860644,6.8505835000010306e-05,9.9113208091291605e-13,5897.5702801226644,1.6805769729501238e-16,6.8505835000010306e-05,0,1,1,0,,0,0
9,2600,40.766883598383664,5865.0580708524067,0.0069508064721444012,0.39007447095084358,5925.0516761197168,6.5834779555256332e-05,1.1319897274790903e-12,5865.0580708524249,1.930057151701087e-16,6.5834779555256332e-05,0,1,1,0,,0,0
9,2700,38.983237275166005,5833.8351385157439,0.0066822658422061951,0.37309000567407008,5893.8025240337802,6.3302087939438349e-05,1.1257193712694625e-12,5833.8351385157757,1.9296386417183948e-16,6.3302087939438349e-05,0,1,1,0,,0,0
9,2800,37.303675662072699,5803.8364528111024,0.006427416755343713,0.35709026958329571,5863.7690664527254,6.0897737536467598e-05,1.0139928523908632e-12,5803.8364528111224,1.747107901187894e-16,6.0897737536467598e-05,0,1,1,0,,0,0
9,2900,35.718247381915113,5774.9701620833584,0.0061850098579608109,0.34202006399591928,5834.8828307507893,5.8616440795249127e-05,1.1151914679014485e-12,5774.9701620833848,1.931077454258449e-16,5.8616440795249127e-05,0,1,1,0,,0,0
9,3000,34.228727450251363,5747.176052161024,0.0059557471599257601,0.32781780306059477,5807.0723956624388,5.6451475153892779e-05,1.1554739039830301e-12,5747.1760521610458,2.0105072360686607e-16,5.6451475153892779e-05,0,1,1,0,,0,0
9,3100,32.824917059321805,5720.3955277030855,0.0057382250755835442,0.3144014894141326,5780.2729591276093,5.439215269542977e-05,1.1201235654174902e-12,5720.3955277031146,1.9581225808475669e-16,5.439215269542977e-05,0,1,1,0,,0,0
9,3200,31.496597478982125,5694.5753568091122,0.005530982646725544,0.30170994455610739,5754.4282505230931,5.2430916056461587e-05,8.9412871815788592e-13,5694.5753568091613,1.5701411644131665e-16,5.2430916056461587e-05,0,1,1,0,,0,0
9,3300,30.240439174026061,5669.6554512659959,0.005333734903992019,0.28971599028635775,5729.4845249644513,5.0565803786363363e-05,1.0416601612441576e-12,5669.6554512660423,1.8372547859351019e-16,5.0565803786363363e-05,0,1,1,0,,0,0
9,3400,29.054406555058097,5645.5902315476887,0.0051463895471374104,0.27835546171940645,5705.3928341559485,4.8788132528403915e-05,9.2589824780879787e-13,5645.5902315477306,1.6400379939635898e-16,4.8788132528403915e-05,0,1,1,0,,0,0
9,3500,27.9309576774771,5622.3332827815884,0.0049678587647971235,0.26758207974647563,5682.1105241892792,4.7092023044492627e-05,9.0598028499477195e-13,5622.3332827816266,1.6113955531048525e-16,4.7092023044492627e-05,0,1,1,0,,0,0
9,3600,26.863458762746081,5599.84290763636,0.0047971807791452655,0.25735692603599719,5659.5996311860554,4.5472638138197084e-05,1.076942700327984e-12,5599.8429076363864,1.9231659139212284e-16,4.5472638138197084e-05,0,1,1,0,,0,0
9,3700,25.851770246860525,5578.0875873257828,0.004634522108544775,0.24765519163476341,5637.8208573713755,4.3927467349544733e-05,1.0367742007657199e-12,5578.0875873258101,1.8586552909664145e-16,4.3927467349544733e-05,0,1,1,0,,0,0
9,3800,24.892295887428322,5557.0364804310238,0.0044794191967401998,0.2384326690346977,5616.7383663708197,4.2450378401505959e-05,9.9077282268800822e-13,5557.0364804310502,1.7829158152497058e-16,4.2450378401505959e-05,0,1,1,0,,0,0
9,3900,23.979626860014541,5536.6510340649356,0.0043310706621163039,0.2296531914120335,5596.3226099654303,4.103644614824164e-05,1.063174715095188e-12,5536.6510340649684,1.9202487362014812e-16,4.103644614824164e-05,0,1,1,0,,0,0
9,4000,23.109731756668133,5516.9002028435625,0.0041888979149480969,0.2212990450413391,5576.5441265996924,3.9683904586311699e-05,1.0372904629001484e-12,5516.9002028436007,1.8802052325787825e-16,3.9683904586311699e-05,0,1,1,0,,0,0
9,4100,22.283227327286919,5497.7563005155152,0.004053149341158949,0.21334504116006281,5557.3740593967141,3.8389541333703688e-05,1.1368252458749696e-12,5497.7563005155334,2.0677985413219712e-16,3.8389541333703688e-05,0,1,1,0,,0,0
9,4200,21.496626309518202,5479.1948022182478,0.0039233184957788523,0.20575885182765358,5538.7870060763389,3.714872075815975e-05,6.7381598601944743e-13,5479.1948022182678,1.2297719105490665e-16,3.714872075815975e-05,0,1,1,0,,0,0
9,4300,20.745227739922562,5461.1904043193144,0.0037986640648007691,0.19851476658538184,5520.7579817990254,3.5957882457418047e-05,7.5180451980562672e-13,5461.1904043193508,1.376631218005165e-16,3.5957882457418047e-05,0,1,1,0,,0,0
9,4400,20.027616982147212,5443.7233797237432,0.0036790291469886494,0.19160766442347621,5503.2651088802741,3.4817087789263674e-05,4.2414083092993373e-13,5443.7233797237704,7.7913736856970089e-17,3.4817087789263674e-05,0,1,1,0,,0,0
9,4500,19.344608860964097,5426.7706946783128,0.0035646630287758645,0.18500928820748319,5486.2891106168154,3.3722117897407501e-05,9.7012184476120847e-13,5426.7706946783455,1.7876595480854556e-16,3.3722117897407501e-05,0,1,1,0,,0,0
9,4600,18.691847737208398,5410.3112477357126,0.0034548562700586192,0.17869790421654902,5469.8107897628006,3.2669851131047676e-05,1.0715142673393561e-12,5410.3112477357454,1.9805039271775587e-16,3.2669851131047676e-05,0,1,1,0,,0,0
9,4700,18.06608650824472,5394.3291513203085,0.0033490886450306596,0.17265948902735206,5453.810578008196,3.1658504921967715e-05,9.6406193304029303e-13,5394.3291513203394,1.7871766924054403e-16,3.1658504921967715e-05,0,1,1,0,,0,0
9,4800,17.468729239272509,5378.8074537692637,0.003247695588551155,0.16688919077202186,5438.2701919789642,3.0687918194680864e-05,7.6966900603430571e-13,5378.8074537692974,1.4309287191437688e-16,3.0687918194680864e-05,0,1,1,0,,0,0
9,4900,16.897891929187292,5363.7275065580143,0.0031504008935067857,0.16135838836843036,5423.1733663398709,2.9753499928646391e-05,1.0685058081163085e-12,5363.7275065580579,1.9920956215801057e-16,2.9753499928646391e-05,0,1,1,0,,0,0
9,5000,16.350099804812412,5349.0763259608411,0.0030566211451236837,0.15605516801492472,5408.5039153049147,2.8853666459096355e-05,9.9602609646292392e-13,5349.0763259608821,1.86205250358622e-16,2.8853666459096355e-05,0,1,1,0,,0,0
9,5100,15.824726881914819,5334.836563207874,0.00296630022202579,0.15098014233207188,5394.2471081582626,2.7989103818349262e-05,4.2629491279479962e-13,5334.8365632079058,7.9907773695406901e-17,2.7989103818349262e-05,0,1,1,0,,0,0
9,5200,15.32270972545477,5320.9937703221831,0.0028796706756014467,0.14610826615142919,5380.389671791957,2.7155703408888475e-05,9.0178377376001545e-13,5320.9937703222204,1.6947657010795684e-16,2.7155703408888475e-05,0,1,1,0,,0,0
9,5300,14.840421982529476,5307.5348160984149,0.0027961044998737693,0.14143051992273045,5366.918409237016,2.6352276881890741e-05,9.7362645438014322e-13,5307.5348160984504,1.8344231137721532e-16,2.6352276881890741e-05,0,1,1,0,,0,0
9,5400,14.376636233470229,5294.4476502170346,0.0027154175814508032,0.13694225832183918,5353.8211035203904,2.5578415056078951e-05,7.7321799636802832e-13,5294.4476502170619,1.460431847572103e-16,2.5578415056078951e-05,0,1,1,0,,0,0
9,5500,13.932556032680342,5281.7229339188543,0.0026378808973879422,0.13262910018726537,5341.0848080288106,2.4831865614246571e-05,9.5277880133222165e-13,5281.7229339188971,1.8039166636582456e-16,2.4831865614246571e-05,0,1,1,0,,0,0
9,5600,13.505462789793174,5269.3464871345122,0.0025630242427154355,0.12848144682441548,5328.6978750953549,2.4111227514867572e-05,1.0818388311310194e-12,5269.3464871345568,2.0530797011970979e-16,2.4111227514867572e-05,0,1,1,0,,0,0
9,5700,13.09414770919218,5257.3075136519346,0.0024906566099072384,0.12449368343658208,5316.6492202897925,2.3415816669168247e-05,9.3146098464747646e-13,5257.3075136519665,1.7717452940097108e-16,2.3415816669168247e-05,0,1,1,0,,0,0
9,5800,12.699331286442236,5245.5952063185523,0.0024209514434406468,0.12065555051248114,5304.927834018521,2.2744051245855251e-05,9.399185997319647e-13,5245.5952063185787,1.7918244980088937e-16,2.2744051245855251e-05,0,1,1,0,,0,0
9,5900,12.319115290971528,5234.1996729930897,0.0023535814566904068,0.11695887334529517,5293.5238899722817,2.209470964452521e-05,9.5206780886431821e-13,5234.199672993117,1.8189367397974887e-16,2.209470964452521e-05,0,1,1,0,,0,0
9,6000,11.952584758411293,5223.1136056048654,0.0022884022177088216,0.11339809506498946,5282.4277720033351,2.1467041284690161e-05,1.0438622046555959e-12,5223.1136056049227,1.9985439404102324e-16,2.1467041284690161e-05,0,1,1,0,,0,0
9,6100,11.599810507275787,5212.3251515644533,0.0022254579616534788,0.10996550036879436,5271.6307060103763,2.0859864148567676e-05,8.5220767735808304e-13,5212.3251515644888,1.6349856399543519e-16,2.0859864148567676e-05,0,1,1,0,,0,0
9,6200,11.259622532266617,5201.8254045044814,0.0021645521824927901,0.10665415557669865,5261.1238610650043,2.0272124054328718e-05,1.0838829888716389e-12,5201.8254045045278,2.0836589169891187e-16,2.0272124054328718e-05,0,1,1,0,,0,0
9,6300,10.931253052728522,5191.6059548272833,0.0021055629313631503,0.10345895127181357,5250.8984747737813,1.9703094959624176e-05,8.3744889566402707e-13,5191.6059548273079,1.6130825470013619e-16,1.9703094959624176e-05,0,1,1,0,,0,0
9,6400,10.614487166482208,5181.6592682699838,0.0020484726256472089,0.100373922379886,5240.9461765915212,1.9151870482509848e-05,9.0044077427596311e-13,5181.659268270022,1.7377460146594882e-16,1.9151870482509848e-05,0,1,1,0,,0,0
9,6500,10.308575852026133,5171.9767886439677,0.0019931597285317518,0.097393873198481182,5231.2586558088851,1.8617674943358661e-05,1.017535918787911e-12,5171.9767886440104,1.9674023306177455e-16,1.8617674943358661e-05,0,1,1,0,,0,0
9,6600,10.012987596269388,5162.5506785020043,0.0019395427221597396,0.094513702392449564,5221.8280509305723,1.8099734704134208e-05,8.2973047098601461e-13,5162.5506785020316,1.6072103164840401e-16,1.8099734704134208e-05,0,1,1,0,,0,0
9,6700,9.7272480755064539,5153.3742457733306,0.0018875493243062059,0.091729540348791147,5212.6472448312361,1.759749625101688e-05,1.0662374536718033e-12,5153.3742457733742,2.0690083871674869e-16,1.759749625101688e-05,0,1,1,0,,0,0
9,6800,9.4510185704570784,5144.4404799837612,0.0018371324553621644,0.089036864411424346,5203.7091044518038,1.7110269352922281e-05,7.3082463263266103e-13,5144.4404799837821,1.4206105318473136e-16,1.7110269352922281e-05,0,1,1,0,,0,0
9,6900,9.1838421358098437,5135.7420416738478,0.0017882210713248039,0.08643151898068091,5195.0071003600751,1.6637420760154532e-05,9.0212728119551085e-13,5135.7420416738887,1.7565665757259903e-16,1.6637420760154532e-05,0,1,1,0,,0,0
9,7000,8.9252992584544266,5127.2728649637729,0.0017407498086251137,0.083910106118001537,5186.5346213682451,1.6178452906165205e-05,1.0043723633490232e-12,5127.2728649638102,1.9588822163380461e-16,1.6178452906165205e-05,0,1,1,0,,0,0
9,7100,8.6750541031156878,5119.0262579762175,0.0016946688033878789,0.081469040873763374,5178.2851493781154,1.5732822454465909e-05,8.9285386983303891e-13,5119.0262579762575,1.7441869309457644e-16,1.5732822454465909e-05,0,1,1,0,,0,0
9,7200,8.4327479362092834,5110.9959384244039,0.0016499226447847452,0.079105034674130409,5170.2523437232294,1.5300033618313661e-05,9.9809968139868044e-13,5110.9959384244294,1.9528477295295315e-16,1.5300033618313661e-05,0,1,1,0,,0,0
9,7300,8.1980784384756937,5103.1759009493699,0.0016064659728759424,0.076815181790394996,5162.4301931842665,1.4879655301065526e-05,9.4920887975558121e-13,5103.1759009493908,1.8600355899528981e-16,1.4879655301065526e-05,0,1,1,0,,0,0
9,7400,7.9707206346060895,5095.5603867954669,0.0015642480962959943,0.074596604868868072,5154.8131064743966,1.4471253046046508e-05,8.7029138016043442e-13,5095.5603867955078,1.7079404699347359e-16,1.4471253046046508e-05,0,1,1,0,,0,0
9,7500,7.7504222296045349,5088.1438183089604,0.001523231753339154,0.072446537863068219,5147.3954546548312,1.4074406853189069e-05,1.0328526271082797e-12,5088.1438183089967,2.0299202695326718e-16,1.4074406853189069e-05,0,1,1,0,,0,0
9,7600,7.5369033110126677,5080.9208350569506,0.0014833734977742845,0.070362389242100282,5140.1716200125175,1.368872373213269e-05,8.0497806677850181e-13,5080.9208350569788,1.5843153099815508e-16,1.368872373213269e-05,0,1,1,0,,0,0
9,7700,7.3299166905599948,5073.8863659489634,0.0014446355637271133,0.068341688133574732,5133.1363586286952,1.3313826744285446e-05,9.2675372821563514e-13,5073.8863659489925,1.826516522788346e-16,1.3313826744285446e-05,0,1,1,0,,0,0
9,7800,7.1292086780904311,5067.0352391424385,0.0014069783101206539,0.066382144916768332,5126.2846313604759,1.2949367756653618e-05,8.6633859079778908e-13,5067.0352391424631,1.709754422281079e-16,1.2949367756653618e-05,0,1,1,0,,0,0
9,7900,6.9345367325577421,5060.3624288978572,0.0013703636508241325,0.064481420682951957,5119.6115299422127,1.2594983097024118e-05,1.0242666327456903e-12,5060.3624288978745,2.0240973786709013e-16,1.2594983097024118e-05,0,1,1,0,,0,0
9,8000,6.7456991659936918,5053.863926411821,0.0013347607423184131,0.0626374591066923,5113.1123069446485,1.2250358557862667e-05,1.0722337189664851e-12,5053.8639264118583,2.1216117698834631e-16,1.2250358557862667e-05,0,1,1,0,,0,0
9,8100,6.5624910482095435,5047.5344151079225,0.0013001379502370822,0.06084823518210658,5106.7822053784712,1.191518117181914e-05,9.768818338717108e-13,5047.5344151079562,1.9353643849317219e-16,1.191518117181914e-05,0,1,1,0,,0,0
9,8200,6.3847113856141133,5041.3692589340344,0.001266463743813148,0.059111857673991443,5100.6166604270638,1.1589159038868475e-05,1.012543709461185e-12,5041.3692589340671,2.0084696388125204e-16,1.1589159038868475e-05,0,1,1,0,,0,0
9,8300,6.2121497439354814,5035.3640694245596,0.0012337041886715859,0.05742645319318871,5094.6113703375158,1.1271998788277393e-05,1.0079473724173031e-12,5035.3640694245851,2.0017368327698419e-16,1.1271998788277393e-05,0,1,1,0,,0,0
9,8400,6.0446181584117529,5029.5146986527679,0.0012018293057242473,0.055790255517459524,5088.7619961338278,1.0963424023337309e-05,1.0121138961446279e-12,5029.5146986528052,2.0123490173231436e-16,1.0963424023337309e-05,0,1,1,0,,0,0
9,8500,5.8819635101980507,5023.8169251178551,0.0011708156562771372,0.054201562502813404,5083.0644203019001,1.0663166550935467e-05,9.3210318173467862e-13,5023.8169251178815,1.8553685288060278e-16,1.0663166550935467e-05,0,1,1,0,,0,0
9,8600,5.7240121598331113,5018.2673061150626,0.0011406351656194271,0.052658803196432423,5077.5146169597228,1.0370980128849551e-05,8.6345055107247908e-13,5018.2673061150845,1.7206149023195886e-16,1.0370980128849551e-05,0,1,1,0,,0,0
9,8700,5.5705996951144527,5012.8614484122763,0.0011112614526537191,0.051160454388142151,5072.1087220824475,1.0086624161939748e-05,9.5838263260961099e-13,5012.8614484123082,1.911847439775447e-16,1.0086624161939748e-05,0,1,1,0,,0,0
9,8800,5.4215821658747787,5007.5954876703472,0.0010826717491905537,0.049705047164208371,5066.8429371899138,9.8098653896256232e-06,7.5587679417691059e-13,5007.5954876703809,1.509460570523354e-16,9.8098653896256232e-06,0,1,1,0,,0,0
9,8900,5.2768097855155345,5002.4657725946454,0.0010548417571238262,0.048291155244474047,5061.7135688095441,9.5404756883214086e-06,8.9335653264174103e-13,5002.4657725946836,1.7858323739781911e-16,9.5404756883214086e-06,0,1,1,0,,0,0
9,9000,5.1361451057580929,4997.4687802390481,0.0010277493130257057,0.0469174587297237,5056.717047277034,9.2782448159696901e-06,9.7270815229246518e-13,4997.4687802390827,1.9464016586531433e-16,9.2782448159696901e-06,0,1,1,0,,0,0
9,9100,4.9994567799332215,4992.6012107497936,0.0010013731457599031,0.045582647648016235,5051.8499905875715,9.0229614364924168e-06,3.9220819110898433e-13,4992.6012107498336,7.8557884868613207e-17,9.0229614364924168e-06,0,1,1,0,,0,0
9,9200,4.8666198173056863,4987.8594383383224,0.00097569305580250544,0.044285481255821206,5047.1089314695,8.77442548935182e-06,9.1704980875783118e-13,4987.8594383383497,1.838563857090841e-16,8.77442548935182e-06,1,1,1,1,,0,0
10,100,377.6849518581335,5118.2220610405357,0.073792216780322745,2.636292179376762,5161.6139180027349,0.00051074958748500597,9.8382584671335565e-13,5118.2220610405757,1.922202348745564e-16,0.00051074958748500597,0,1,1,0,,0,0
10,200,204.76865223324131,5275.5000924470405,0.038815022015905108,1.8183312464753292,5318.6923918335769,0.00034187561763625025,1.0359627491314809e-12,5275.5000924470878,1.963724255478006e-16,0.00034187561763625025,0,1,1,0,,0,0
10,300,163.09896441133299,5399.932496905526,0.030203889493951662,1.4828729366547426,5443.1384551628207,0.0002724297661853956,9.3550106880214935e-13,5399.9324969055669,1.7324310430514429e-16,0.0002724297661853956,0,1,1,0,,0,0
10,400,137.23236168097156,5503.6347720304848,0.024934859845422066,1.2609126061443507,5547.1701558555924,0.00022730736045897771,9.821762713302807e-13,5503.6347720305375,1.7845956572585426e-16,0.00022730736045897771,0,1,1,0,,0,0
10,500,119.18855204113218,5593.2481067787085,0.021309362603937097,1.1031296602732645,5636.9785568757434,0.00019569520251726247,1.1113731039380818e-12,5593.2481067787512,1.9869905334454061e-16,0.00019569520251726247,0,1,1,0,,0,0
10,600,105.88629511022793,5672.5168404341903,0.018666545748346003,0.98610002611254388,5716.2855925829899,0.00017250713074798624,1.0902761203893888e-12,5672.5168404342376,1.9220324082914964e-16,0.00017250713074798624,0,1,1,0,,0,0
10,700,95.825937739634341,5743.670528027219,0.016683745572110265,0.89729185113559828,5787.4278302324365,0.00015504156206463848,1.1532649818170272e-12,5743.6705280272608,2.0078884681658982e-16,0.00015504156206463848,0,1,1,0,,0,0
10,800,87.922228196366319,5808.224714900487,0.015137539009262093,0.82686896071339211,5852.0236646042677,0.00014129624350541783,1.0211911721577237e-12,5808.2247149005243,1.7581812383015096e-16,0.00014129624350541783,0,1,1,0,,0,0
10,900,81.514222006693615,5867.3608562702902,0.013892825753095034,0.76935038918709853,5911.1966655442757,0.0001301513775834187,1.187686425512609e-12,5867.3608562703394,2.0242259758803662e-16,0.0001301513775834187,0,1,1,0,,0,0
10,1000,76.107243699603188,5921.9017758337259,0.01285182473140367,0.72071640603237774,5965.8074848533433,0.00012080785507447447,1.242192694124694e-12,5921.9017758337668,2.0976246164599733e-16,0.00012080785507447447,0,1,1,0,,0,0
10,1100,71.429638386687401,5972.5124351327677,0.011959730375195031,0.67831653433516059,6016.506223365398,0.00011274259664203204,8.0254598997089649e-13,5972.5124351328177,1.3437326396341765e-16,0.00011274259664203204,0,1,1,0,,0,0
10,1200,67.254387231731528,6019.7305004735872,0.011172325277093461,0.6402772640632477,6063.8071248570895,0.00010558997852002715,1.1400759469918113e-12,6019.7305004736354,1.8938986502836126e-16,0.00010558997852002715,0,1,1,0,,0,0
10,1300,63.454923817711517,6063.961204566026,0.010464269423414416,0.60538980946372067,6108.1210186489143,9.91122814389866e-05,1.2381275424534635e-12,6063.9612045660615,2.0417801181201062e-16,9.91122814389866e-05,0,1,1,0,,0,0
10,1400,59.966527742440746,6105.5399310997072,0.0098216584313845934,0.57309396078708608,6149.7907748842472,9.3189180212049241e-05,1.1689936763750286e-12,6105.5399310997382,1.9146442240440278e-16,9.3189180212049241e-05,0,1,1,0,,0,0
10,1500,56.735865189002666,6144.7635191550353,0.0092332056412163434,0.54306860968944892,6189.0932644318545,8.7746069817757298e-05,1.1619488110261233e-12,6144.7635191550726,1.8909577356459365e-16,8.7746069817757298e-05,0,1,1,0,,0,0
10,1600,53.739425861898553,6181.8617470002791,0.0086930811560086037,0.51511690634516438,6226.272231956078,8.2732795347647788e-05,1.0395077408344177e-12,6181.8617470003119,1.6815447892195724e-16,8.2732795347647788e-05,0,1,1,0,,0,0
10,1700,50.953269849724151,6217.048829196,0.0081957326135901551,0.48900538659898252,6261.5222445724694,7.809688562918638e-05,1.1948027338554504e-12,6217.0488291960392,1.9218165510370567e-16,7.809688562918638e-05,0,1,1,0,,0,0
10,1800,48.353757996497926,6250.4804006214272,0.0077360066582547096,0.46457813561916894,6295.0099675844904,7.3801016680111157e-05,9.0202535772096774e-13,6250.4804006214754,1.4431296474928243e-16,7.3801016680111157e-05,0,1,1,0,,0,0
10,1900,45.922409717104827,6282.2983314633475,0.0073098104060282717,0.44171456965028327,6326.8815436961904,6.9815527064891401e-05,1.042968818677336e-12,6282.2983314633939,1.6601707904476221e-16,6.9815527064891401e-05,0,1,1,0,,0,0
10,2000,43.651356823828969,6312.646202962188,0.0069149062723245468,0.42029578022652092,6357.2655506774863,6.611266697546251e-05,8.4686878803395772e-13,6312.6462029622271,1.341543246375129e-16,6.611266697546251e-05,0,1,1,0,,0,0
10,2100,41.526308924635693,6341.6277898975304,0.0065482097499933349,0.40019650633466169,6386.27615802117,6.266507999846114e-05,1.1757767983788369e-12,6341.6277898975613,1.8540615080750895e-16,6.266507999846114e-05,0,1,1,0,,0,0
10,2200,39.5332741684933,6369.3453166576701,0.0062068034002022805,0.3813226113009261,6414.0152026167552,5.9451466710798592e-05,1.1007530810783726e-12,6369.3453166577192,1.7282044328788051e-16,5.9451466710798592e-05,0,1,1,0,,0,0
10,2300,37.660998628574767,6395.8916441968104,0.0058883109226444998,0.36358137922524614,6440.575002225296,5.6451695555074568e-05,1.1212213950795476e-12,6395.8916441968549,1.753033755812387e-16,5.6451695555074568e-05,0,1,1,0,,0,0
10,2400,35.903710038661806,6421.3451815262915,0.0055913066536204866,0.34690843365279656,6466.0366131036653,5.3650861325123586e-05,1.2078080065768253e-12,6421.3451815263288,1.880926772246394e-16,5.3650861325123586e-05,0,1,1,0,,0,0
10,2500,34.253367457937131,6445.7725160745258,0.0053140825824237164,0.33121103236770194,6490.4741214153555,5.1030329398413173e-05,7.7427710307186905e-13,6445.7725160745786,1.201216923403616e-16,5.1030329398413173e-05,0,1,1,0,,0,0
10,2600,32.700615743361183,6469.2362248674235,0.0050547877070343536,0.31642290995658001,6513.9514410733,4.8576184949951544e-05,1.2376541831730882e-12,6469.2362248674672,1.9131380276632943e-16,4.8576184949951544e-05,0,1,1,0,,0,0
10,2700,31.237194485355122,6491.7992853079932,0.0048117930195485277,0.30247363451155002,6536.5289157992902,4.6274351174435734e-05,1.158504105906559e-12,6491.7992853080295,1.7845655033242283e-16,4.6274351174435734e-05,0,1,1,0,,0,0
10,2800,29.855793515659073,6513.5162780371147,0.0045836675984567109,0.28930678279530431,6558.2586059808928,4.4113353891148342e-05,1.1430697413216848e-12,6513.5162780371502,1.7549196049083173e-16,4.4113353891148342e-05,0,1,1,0,,0,0
10,2900,28.55355268668951,6534.4353468498584,0.0043697046754704975,0.27687888874677269,6579.1881367552678,4.2084050948469177e-05,1.2968538804041506e-12,6534.4353468498985,1.984645668013739e-16,4.2084050948469177e-05,0,1,1,0,,0,0
10,3000,27.324904271944604,6554.6005615013892,0.0041688130368215132,0.26513021731221553,6599.3628192507194,4.0175123655698319e-05,1.1623357384292862e-12,6554.600561501421,1.7733128472485245e-16,4.0175123655698319e-05,0,1,1,0,,0,0
10,3100,26.163550784294117,6574.0527223056943,0.0039798206508933906,0.25401191137502754,6618.8237490379361,3.8377198276649814e-05,1.198929402988541e-12,6574.0527223057397,1.8237295221569754e-16,3.8377198276649814e-05,0,1,1,0,,0,0
10,3200,25.06425762331385,6592.8295011608161,0.0038017451564462154,0.24348341700789483,6637.6077032315488,3.6682405452999861e-05,1.012750394394161e-12,6592.8295011608488,1.536139216425722e-16,3.6682405452999861e-05,0,1,1,0,,0,0
10,3300,24.022655010463009,6610.9684284383666,0.0036337573338158574,0.23350128619304342,6655.7495861884499,3.5082642934402021e-05,1.0569044850934693e-12,6610.968428438412,1.5987135569230399e-16,3.5082642934402021e-05,0,1,1,0,,0,0
10,3400,23.035198154791132,6628.4979425914353,0.0034751761793238843,0.22403984145844127,6673.2818238591108,3.3572662952346384e-05,1.2503050573093319e-12,6628.4979425914862,1.8862569893481947e-16,3.3572662952346384e-05,0,1,1,0,,0,0
10,3500,22.099916079383135,6645.4465817037117,0.0033255727523608079,0.21506571677781008,6690.2333321041215,3.2146220632662226e-05,7.9014596040681735e-13,6645.4465817037444,1.1890035540760325e-16,3.2146220632662226e-05,0,1,1,0,,0,0
10,3600,21.212918985772372,6661.8426039422711,0.0031842419953331271,0.20654212172919581,6706.6322070978376,3.0796697261944059e-05,1.1212387008096929e-12,6661.8426039423084,1.6830759408007817e-16,3.0796697261944059e-05,0,1,1,0,,0,0
10,3700,20.370967174087557,6677.7125142355662,0.0030505906222618407,0.19844504137199431,6722.503803952307,2.9519513437139914e-05,8.6677924528903803e-13,6677.7125142356044,1.2980182112381009e-16,2.9519513437139914e-05,0,1,1,0,,0,0
10,3800,19.570334515800244,6693.0796586101342,0.0029239655754917707,0.19074222521060966,6737.8715152018349,2.8308973357574615e-05,1.1256576098621135e-12,6693.0796586101696,1.6818231177243426e-16,2.8308973357574615e-05,0,1,1,0,,0,0
10,3900,18.807811741271387,6707.9666798107028,0.0028038022010273521,0.18341215296102004,6752.7579392491407,2.7161073240160328e-05,1.0857436470886311e-12,6707.9666798107346,1.6185883128436549e-16,2.7161073240160328e-05,0,1,1,0,,0,0
10,4000,18.082951604546672,6722.3937819204812,0.0026899572073834479,0.17644152604428745,6767.1833642938582,2.6073111447704766e-05,1.2669415738281132e-12,6722.3937819205139,1.8846583745740673e-16,2.6073111447704766e-05,0,1,1,0,,0,0
10,4100,17.394092530519078,6736.3800507582746,0.0025821127073376937,0.1698058562643123,6781.1671893898128,2.5040800723804581e-05,1.2226095507292234e-12,6736.3800507582946,1.814935531423287e-16,2.5040800723804581e-05,0,1,1,0,,0,0
10,4200,16.738257892408829,6749.9429202908259,0.0024797628794893051,0.16348044118611726,6794.7269188972123,2.4059898673992659e-05,1.318505471904069e-12,6749.9429202908659,1.9533579579473726e-16,2.4059898673992659e-05,0,1,1,0,,0,0
10,4300,16.113000337861386,6763.0987256826993,0.0023824878197730086,0.15745278153975581,6807.8793458222199,2.3128021743860604e-05,1.0515507701516682e-12,6763.098725682753,1.5548357532597033e-16,2.3128021743860604e-05,0,1,1,0,,0,0
10,4400,15.516734137995709,6775.863506450607,0.0022900009900175544,0.15170188646659277,6820.6406866819925,2.2241588940875661e-05,1.264591740108038e-12,6775.8635064506434,1.8663182026971806e-16,2.2241588940875661e-05,0,1,1,0,,0,0
10,4500,14.947292261762229,6788.2522653467577,0.0022019352960800272,0.14621503205815384,6833.0259240456608,2.1398284403344344e-05,1.1423996109937064e-12,6788.2522653467913,1.6829068312995946e-16,2.1398284403344344e-05,0,1,1,0,,0,0
10,4600,14.404445203909734,6800.279571142345,0.0021182136783076408,0.14098274383527087,6845.0494072860429,2.0596307703083239e-05,1.2118068321801539e-12,6800.279571142396,1.7819956069491117e-16,2.0596307703083239e-05,0,1,1,0,,0,0
10,4700,13.886932687393751,6811.9588316572817,0.0020386107771023037,0.13598851175490528,6856.7243829574982,1.9832868314337817e-05,1.2377767052183591e-12,6811.9588316572981,1.8170642774087602e-16,1.9832868314337817e-05,0,1,1,0,,0,0
10,4800,13.393674304013292,6823.3031235077979,0.0019629311583518991,0.13122044160432472,6868.0633185259603,1.9105886990058727e-05,1.1019497344979027e-12,6823.303123507847,1.6149798925119312e-16,1.9105886990058727e-05,0,1,1,0,,0,0
10,4900,12.922068156608631,6834.3240879737286,0.001890760225923062,0.12666093441181001,6879.0782418233102,1.8412486376697807e-05,1.1416858059529016e-12,6834.324087973765,1.6705175102273906e-16,1.8412486376697807e-05,0,1,1,0,,0,0
10,5000,12.469596970481692,6845.0328377961177,0.0018217000949401589,0.12229805960373692,6889.7801190388145,1.7750647697128337e-05,1.2305424824777216e-12,6845.0328377961514,1.7977159666540197e-16,1.7750647697128337e-05,0,1,1,0,,0,0
10,5100,12.037207071499783,6855.4399210130478,0.0017558620905718638,0.11813556835202624,6900.1798455903663,1.7120650620073627e-05,1.2907693969985891e-12,6855.4399210130996,1.8828396308195472e-16,1.7120650620073627e-05,0,1,1,0,,0,0
10,5200,11.626078257103757,6865.5554953736746,0.0016933922193095577,0.11415984606674053,6910.2878240246873,1.6520273680908937e-05,8.468206352696975e-13,6865.5554953737246,1.2334335303826729e-16,1.6520273680908937e-05,0,1,1,0,,0,0
10,5300,11.232918988949285,6875.3896921874366,0.0016337865185610272,0.11034918455389044,6920.1137405946129,1.5946151853915719e-05,1.1374493084102876e-12,6875.3896921874721,1.6543779470460779e-16,1.5946151853915719e-05,0,1,1,0,,0,0
10,5400,10.855100395228193,6884.95114122828,0.0015766416017429625,0.10670035096514909,6929.6670629595783,1.5397615786692445e-05,1.1863650236217061e-12,6884.9511412283027,1.7231277307365958e-16,1.5397615786692445e-05,0,1,1,0,,0,0
10,5500,10.49183251962333,6894.248355148261,0.0015218239870614151,0.10320558143105535,6938.9564146482999,1.4873357788094179e-05,1.2237629940334987e-12,6894.2483551482874,1.775049187370299e-16,1.4873357788094179e-05,0,1,1,0,,0,0
10,5600,10.146879299187065,6903.2897649627721,0.0014698614203748094,0.09987292012490924,6947.9903352066431,1.4374360830474425e-05,1.2382259321065507e-12,6903.2897649628158,1.7936751523760214e-16,1.4374360830474425e-05,0,1,1,0,,0,0
10,5700,9.8167345882886394,6912.0840404555265,0.001420227898103173,0.0966693480724619,6956.7767603205921,1.3895709378491979e-05,1.1006509848091083e-12,6912.0840404555756,1.5923576425968402e-16,1.3895709378491979e-05,0,1,1,0,,0,0
10,5800,9.4989939487142259,6920.6385043186528,0.0013725603414752286,0.093600640975507077,6965.3233465528529,1.3438089851468296e-05,1.1623759752471378e-12,6920.6385043186674,1.6795790945037564e-16,1.3438089851468296e-05,0,1,1,0,,0,0
10,5900,9.1930041212320504,6928.9604564658612,0.0013267508422065628,0.090656111652303098,6973.6374615378973,1.2999831458446751e-05,1.3314306678246764e-12,6928.9604564658839,1.9215446186912901e-16,1.2999831458446751e-05,0,1,1,0,,0,0
10,6000,8.9020380914347683,6937.0568544170401,0.0012832586323357814,0.087842145872467789,6981.7262309026828,1.2581723053484794e-05,1.0762359021554771e-12,6937.0568544170801,1.5514301305894559e-16,1.2581723053484794e-05,0,1,1,0,,0,0
10,6100,8.6227589559602418,6944.9346372284908,0.0012415896486250185,0.085134457495053897,6989.5965778545715,1.2180167559997516e-05,1.3252360126436106e-12,6944.9346372285281,1.908205162277041e-16,1.2180167559997516e-05,0,1,1,0,,0,0
10,6200,8.3535944248257081,6952.6002324558485,0.0012015065077134444,0.082534663192566901,6997.2549364621727,1.1795291716825256e-05,1.049830232783492e-12,6952.6002324558995,1.5099821616130165e-16,1.1795291716825256e-05,0,1,1,0,,0,0
10,6300,8.0946029462758702,6960.0599692068263,0.0011630076439123466,0.080043098752777916,7004.707531051461,1.142704365570604e-05,1.1594674906875799e-12,6960.0599692068645,1.665887213353576e-16,1.142704365570604e-05,0,1,1,0,,0,0
10,6400,7.8476599422361994,6967.3199244781208,0.0011263527478715598,0.077648338967332364,7011.9603708057375,1.107369906005471e-05,1.1724922307671816e-12,6967.3199244781617,1.6828454032200897e-16,1.107369906005471e-05,0,1,1,0,,0,0
10,6500,7.6094925321700693,6974.3860132372556,0.0010910627140120139,0.075345005209193489,7019.0193263211067,1.0734406290441748e-05,1.1537979815342517e-12,6974.3860132372993,1.6543362804186022e-16,1.0734406290441748e-05,0,1,1,0,,0,0
10,6600,7.3796263384158625,6981.2639723570264,0.0010570616392155045,0.07312949020504117,7025.8899761073317,1.0408573213319559e-05,1.1142290987129313e-12,6981.2639723570564,1.5960277438653254e-16,1.0408573213319559e-05,0,1,1,0,,0,0
10,6700,7.1596705854862295,6987.959090370874,0.0010245724814491211,0.071001777595271459,7032.5777502899864,1.0096124083710801e-05,1.0532847533208491e-12,6987.9590903709122,1.5072852312089623e-16,1.0096124083710801e-05,0,1,1,0,,0,0
10,6800,6.9477403194381369,6994.4764183610077,0.00099331814189834353,0.068950693006701785,7039.0879657571495,9.7954015267495243e-06,1.1175277410475546e-12,6994.4764183610405,1.5977289423893947e-16,9.7954015267495243e-06,1,1,1,1,,0,0
11,100,325.82453911792919,6753.664368615031,0.048244111838318345,2.0230206251517093,6796.5566702682263,0.00029765375664437307,9.5199596225918268e-13,6753.6643686151119,1.4095991602472782e-16,0.00029765375664437307,0,1,1,0,,0,0
11,200,164.05474976784802,6627.9614041352697,0.024751916881334306,1.3845796803971733,6671.8362008942759,0.0002075260301222005,1.2391158647314846e-12,6627.9614041353661,1.8695278822208686e-16,0.0002075260301222005,0,1,1,0,,0,0
11,300,127.11638905547903,6528.7382791814516,0.019470284091617225,1.1171632832767506,6573.7314971598371,0.00016994355241911204,9.4975175630048717e-13,6528.7382791815453,1.4547248115750014e-16,0.00016994355241911204,0,1,1,0,,0,0
11,400,105.89000425986852,6446.8516243630356,0.0164250723344871,0.9483995976894406,6492.4185951270929,0.00014607801142108509,1.1976457165101641e-12,6446.8516243631211,1.8577218560206565e-16,0.00014607801142108509,0,1,1,0,,0,0
11,500,91.554754456000111,6376.6462507300539,0.014357822412607274,0.83245923977938419,6422.580082070067,0.00012961445854188145,1.1027847848935686e-12,6376.6462507301439,1.729411890721234e-16,0.00012961445854188145,0,1,1,0,,0,0
11,600,81.476546287293047,6315.3554924189575,0.012901339660942071,0.74971400445941738,6361.3341250950598,0.00011785483826448342,1.0250962549307138e-12,6315.3554924190448,1.6231806050526208e-16,0.00011785483826448342,0,1,1,0,,0,0
11,700,73.983875958369183,6261.0748375915173,0.011816481654902079,0.68656302030803906,6306.921481667795,0.00010885865985547121,1.000563160894014e-12,6261.0748375915973,1.5980693201215487e-16,0.00010885865985547121,0,1,1,0,,0,0
11,800,67.961666763352312,6212.301218412229,0.010939853747259585,0.63508922896915287,6258.0162747999639,0.000101484112709415,1.1854949945769668e-12,6212.3012184123145,1.9083024999871871e-16,0.000101484112709415,0,1,1,0,,0,0
11,900,62.998950645696603,6168.0633816653954,0.010213732698169308,0.59097398730341888,6213.604892986772,9.5109682298989551e-05,8.6949816916895631e-13,6168.0633816654727,1.4096777470762279e-16,9.5109682298989551e-05,0,1,1,0,,0,0
11,1000,58.630089656952705,6127.5796745689431,0.0095682296715427304,0.55201409167013671,6173.0060145274374,8.9423870699467496e-05,1.0315897003486488e-12,6127.579674569035,1.68351903220451e-16,8.9423870699467496e-05,0,1,1,0,,0,0
11,1100,54.795910170489151,6090.3929546244171,0.008997105864718101,0.51717015762458918,6135.7134888708888,8.4288511607109003e-05,8.2122521453340805e-13,6090.3929546245054,1.3483944642846769e-16,8.4288511607109003e-05,0,1,1,0,,0,0
11,1200,51.328546969601369,6056.0084656184754,0.0084756398973031156,0.48523948300823189,6101.2427860115704,7.9531252898302826e-05,1.1180521001816842e-12,6056.0084656185591,1.8461864882275832e-16,7.9531252898302826e-05,0,1,1,0,,0,0
11,1300,48.135505148588621,6024.0648334709858,0.0079905357062456418,0.45600747485909104,6069.1969706987984,7.5134729859753922e-05,1.208845346651504e-12,6024.0648334710677,2.0066937857887677e-16,7.5134729859753922e-05,0,1,1,0,,0,0
11,1400,45.246860366232255,5994.2256510345342,0.0075484079179473614,0.42906541336816284,6039.2650887862565,7.1045964543741273e-05,1.1037453740423472e-12,5994.2256510346106,1.8413477207883214e-16,7.1045964543741273e-05,0,1,1,0,,0,0
11,1500,42.572357224337729,5966.2446291321685,0.0071355366517262923,0.40409741194212018,6011.2088697973677,6.7223984508750216e-05,1.0119042444787542e-12,5966.2446291322412,1.6960488672183902e-16,6.7223984508750216e-05,0,1,1,0,,0,0
11,1600,40.093892045135711,5939.9395548893472,0.0067498821620387015,0.38106040982086581,5984.8345210961706,6.3671001842682779e-05,7.9567155273317647e-13,5939.9395548894472,1.3395280295036358e-16,6.3671001842682779e-05,0,1,1,0,,0,0
11,1700,37.818959853544222,5915.1173417519285,0.0063936110931559426,0.35969772346613255,5959.9633953183056,6.0352337691987127e-05,1.0044087982594911e-12,5915.1173417520013,1.6980369791987843e-16,6.0352337691987127e-05,0,1,1,0,,0,0
11,1800,35.707695360926245,5891.6377482149583,0.00606074183222567,0.33985197638784287,5936.4475643228025,5.7248375009711948e-05,9.9987974104260961e-13,5891.6377482150256,1.6971168014285003e-16,5.7248375009711948e-05,0,1,1,0,,0,0
11,1900,33.743554968556069,5869.3850089297312,0.0057490784668612375,0.32144458411909993,5914.1668233822811,5.4351626140851307e-05,1.1320481016016833e-12,5869.3850089298303,1.9287337598050847e-16,5.4351626140851307e-05,0,1,1,0,,0,0
11,2000,31.929863791135904,5848.2522356815371,0.0054597275398493303,0.30434116328298572,5893.0130477918228,5.164440682801911e-05,1.1752397485735751e-12,5848.2522356816444,2.0095572167752008e-16,5.164440682801911e-05,0,1,1,0,,0,0
11,2100,30.244549894731996,5828.1469072883756,0.0051893938803961419,0.2884133318291584,5872.8889099803891,4.9109277605954494e-05,1.014257264736777e-12,5828.1469072884684,1.7402740199777458e-16,4.9109277605954494e-05,0,1,1,0,,0,0
11,2200,28.671185987764879,5808.9904043946026,0.0049356573159553899,0.27355595110713321,5853.7133261848958,4.6732037574074507e-05,9.2855392818546765e-13,5808.9904043946844,1.5984772973337799e-16,4.6732037574074507e-05,0,1,1,0,,0,0
11,2300,27.206584152440005,5790.727350998377,0.0046983016991379032,0.25972630775116989,5835.4129481026412,4.4508642329351988e-05,1.0713215724260535e-12,5790.7273509984752,1.8500639168261465e-16,4.4508642329351988e-05,0,1,1,0,,0,0
11,2400,25.84464282239917,5773.2752911114212,0.0044765997668931154,0.24680419787994096,5817.922329332182,4.2421363488410594e-05,8.4315006182672601e-13,5773.2752911114922,1.4604362676500736e-16,4.2421363488410594e-05,0,1,1,0,,0,0
11,2500,24.572089116812709,5756.576286300352,0.0042685248826268484,0.23471973107755695,5801.1887661859282,4.0460626353980322e-05,1.1440852774977518e-12,5756.5762863004265,1.9874404864927448e-16,4.0460626353980322e-05,0,1,1,0,,0,0
11,2600,23.378830735621303,5740.5757049484309,0.0040725585615861712,0.22339424346180603,5785.1566424616731,3.8615072550005895e-05,7.3217996031068374e-13,5740.575704948511,1.2754469202096359e-16,3.8615072550005895e-05,0,1,1,0,,0,0
11,2700,22.26221652814856,5725.22699000582,0.0038884426009676743,0.21279721180144809,5769.7780714275204,3.6881351269859013e-05,1.141350121713707e-12,5725.22699000591,1.9935456248391103e-16,3.6881351269859013e-05,0,1,1,0,,0,0
11,2800,21.218215688017359,5710.4854451019664,0.0037156588335614761,0.2028509548564815,5755.0117662164457,3.5247704626300548e-05,1.2138396030451053e-12,5710.4854451020537,2.1256329513740882e-16,3.5247704626300548e-05,0,1,1,0,,0,0
11,2900,20.238370978123694,5696.313927803908,0.0035528889795450871,0.19350351615687306,5740.8194265796892,3.3706602102996319e-05,9.432015063120104e-13,5696.3139278039789,1.6558102630337823e-16,3.3706602102996319e-05,0,1,1,0,,0,0
11,3000,19.315825042164697,5682.6853633811961,0.00339906642845906,0.18470184161244649,5727.1670117845124,3.2250123181739682e-05,7.4269408118209654e-13,5682.6853633812771,1.3069421122062321e-16,3.2250123181739682e-05,0,1,1,0,,0,0
11,3100,18.446540367972862,5669.5621734908818,0.0032536093270523034,0.17642012676018456,5714.0224823520248,3.0874944455515324e-05,8.3662555592237337e-13,5669.5621734909701,1.4756440273892092e-16,3.0874944455515324e-05,0,1,1,0,,0,0
11,3200,17.63016354816709,5656.9166352336915,0.0031165676790000591,0.16861868769377114,5701.3559718434572,2.9575190275174232e-05,9.3524604496942297e-13,5656.9166352337743,1.6532788182599293e-16,2.9575190275174232e-05,0,1,1,0,,0,0
11,3300,16.861184978037912,5644.7210530748853,0.002987071428242324,0.16125186123100446,5689.1413321146265,2.834379598213777e-05,7.3249430778993697e-13,5644.7210530749726,1.2976625432906189e-16,2.834379598213777e-05,0,1,1,0,,0,0
11,3400,16.13467323547173,5632.9505914835736,0.0028643377877067928,0.1542922918150845,5677.3535820062834,2.7176798060296279e-05,1.1514060307949402e-12,5632.9505914836709,2.0440549088708937e-16,2.7176798060296279e-05,0,1,1,0,,0,0
11,3500,15.447126968420797,5621.584609212141,0.0027478243310805018,0.14770557184059943,5665.9712146876827,2.6068888500122958e-05,7.6363983800948557e-13,5621.584609212232,1.358406732432862e-16,2.6068888500122958e-05,0,1,1,0,,0,0
11,3600,14.796972326861168,5610.6022365122108,0.0026373233572978424,0.14148007686332531,5654.974367450578,2.5018694634173651e-05,1.063868279224927e-12,5610.6022365122963,1.8961748389532183e-16,2.5018694634173651e-05,0,1,1,0,,0,0
11,3700,14.183055939502887,5599.9847180496145,0.0025326954721481133,0.13558404876568697,5644.3440831511434,2.4021223151582329e-05,1.1154005406203028e-12,5599.9847180497072,1.9917921151198436e-16,2.4021223151582329e-05,0,1,1,0,,0,0
11,3800,13.601711643122842,5589.7169329749559,0.0024333453386312619,0.12999237238495912,5634.0624816051813,2.3072582671806551e-05,9.9651060312040164e-13,5589.716932975035,1.7827568284214085e-16,2.3072582671806551e-05,0,1,1,0,,0,0
11,3900,13.050430527189274,5579.7799311309,0.0023388790755667376,0.12468766809933894,5624.1133717930443,2.2170191078418251e-05,9.0776671136184916e-13,5579.7799311309909,1.6268862259193971e-16,2.2170191078418251e-05,0,1,1,0,,0,0
11,4000,12.52663794856687,5570.1588890513931,0.0022488834157296683,0.11964671334594044,5614.4813849602624,2.131037671020567e-05,6.6130622841924919e-13,5570.1588890514804,1.1872304571402636e-16,2.131037671020567e-05,0,1,1,0,,0,0
11,4100,12.029173501460493,5560.839062015044,0.0021631939653908201,0.11486255843813994,5605.1528155327651,2.0492315235338033e-05,1.0133581259224976e-12,5560.8390620151522,1.8223115515867387e-16,2.0492315235338033e-05,0,1,1,0,,0,0
11,4200,11.557574988816555,5551.8078310410274,0.0020817678386121979,0.11031632095738854,5596.1138397552359,1.9713023022100203e-05,1.0444857534654313e-12,5551.8078310411183,1.8813434925206356e-16,1.9713023022100203e-05,0,1,1,0,,0,0
11,4300,11.109898104130423,5543.0534627205034,0.0020042920709405785,0.10599228664068713,5587.3524741767169,1.8970037621674269e-05,1.0332138786134707e-12,5543.0534627205934,1.86397963786977e-16,1.8970037621674269e-05,0,1,1,0,,0,0
11,4400,10.68417052937366,5534.5656187387131,0.0019304442779031507,0.10187591426421913,5578.8566718092643,1.826107395427673e-05,1.0670294807229794e-12,5534.5656187388067,1.9279371756118587e-16,1.826107395427673e-05,0,1,1,0,,0,0
11,4500,10.277982411662169,5526.3323037415112,0.0018598198310846477,0.097950430817841244,5570.6160281888897,1.7583410940941616e-05,9.4190079743600901e-13,5526.3323037415976,1.7043868259574186e-16,1.7583410940941616e-05,0,1,1,0,,0,0
11,4600,9.8908019257308926,5518.3438440627942,0.0017923496986097453,0.094216674118577884,5562.6203882108257,1.6937462480498685e-05,1.0519741095954094e-12,5518.3438440628843,1.9063221490397248e-16,1.6937462480498685e-05,0,1,1,0,,0,0
11,4700,9.5234579835675817,5510.5905786051508,0.0017282100435010315,0.090662789256104589,5554.8602232522089,1.6321344842593386e-05,7.2749029971777221e-13,5510.5905786052472,1.320167574310888e-16,1.6321344842593386e-05,0,1,1,0,,0,0
11,4800,9.1743151221686414,5503.0640603623597,0.0016671285344922082,0.087271261977815429,5547.3269058107962,1.5732128908141185e-05,9.7118097385848274e-13,5503.0640603624515,1.7648004151972698e-16,1.5732128908141185e-05,0,1,1,0,,0,0
11,4900,8.8407136653365868,5495.7557428393575,0.0016086438479103644,0.084033795336161135,5540.0119088919446,1.5168522508278994e-05,1.0506941437092533e-12,5495.7557428394402,1.9118283142008802e-16,1.5168522508278994e-05,0,1,1,0,,0,0
11,5000,8.521188060238492,5488.6573036318532,0.0015525086717656808,0.080940049496219635,5532.9068923851573,1.4628847199221083e-05,9.8480893443364179e-13,5488.6573036319232,1.7942620206621018e-16,1.4628847199221083e-05,0,1,1,0,,0,0
11,5100,8.2167230207115356,5481.7611385139871,0.0014989202946079022,0.077998057889273484,5526.0044614183425,1.4114729445812637e-05,1.1293210053361317e-12,5481.761138514079,2.0601426745898903e-16,1.4114729445812637e-05,0,1,1,0,,0,0
11,5200,7.928093584356664,5475.059770290356,0.0014480378145600074,0.075185984321437596,5519.2973918526959,1.3622383246176098e-05,1.0884421254990268e-12,5475.0597702904488,1.9880004441326593e-16,1.3622383246176098e-05,0,1,1,0,,0,0
11,5300,7.6519710940336321,5468.546979007856,0.0013992695177361188,0.072496746551960797,5512.7789850420086,1.3150671693653678e-05,1.0034738543037401e-12,5468.5469790079405,1.8349917412354063e-16,1.3150671693653678e-05,0,1,1,0,,0,0
11,5400,7.387125093931119,5462.2158426021506,0.0013524044649271785,0.069922623395013123,5506.4430648511297,1.269832858916585e-05,9.8270692561327425e-13,5462.2158426022488,1.7990994020205248e-16,1.269832858916585e-05,0,1,1,0,,0,0
11,5500,7.1332811758650498,5456.060267064644,0.0013074051287382039,0.067469423249625377,5500.2832432312298,1.2266536152052667e-05,1.1568855174239143e-12,5456.0602670647377,2.1203679226334829e-16,1.2266536152052667e-05,0,1,1,0,,0,0
11,5600,6.8930342665219158,5450.0744692295766,0.0012647596478615303,0.065123486060683355,5494.2937889990835,1.1852931161248869e-05,9.6378041486400948e-13,5450.0744692296539,1.768380267655748e-16,1.1852931161248869e-05,0,1,1,0,,0,0
11,5700,6.6627469020303245,5444.2532666565166,0.0012238128124634662,0.062875126352380448,5488.4691880274149,1.1455858491387123e-05,1.2045771785469922e-12,5444.2532666566085,2.2125663879827908e-16,1.1455858491387123e-05,0,1,1,0,,0,0
11,5800,6.4415224005249705,5438.591406663445,0.0011844100648253735,0.060720434218923106,5482.8041433413018,1.1074704226425126e-05,9.6759534114415971e-13,5438.5914066635296,1.7791285809017243e-16,1.1074704226425126e-05,0,1,1,0,,0,0
11,5900,6.2291701120836942,5433.0845175389732,0.0011465255311186148,0.058664227586544146,5477.2937224686711,1.071044033039433e-05,8.8755140864311792e-13,5433.0845175390559,1.6336050097839062e-16,1.071044033039433e-05,0,1,1,0,,0,0
11,6000,6.0277842366059531,5427.7274315139521,0.0011105539680581616,0.056692354620660315,5471.9330763616099,1.0360571635199185e-05,1.1203716999077401e-12,5427.7274315140448,2.0641635270826717e-16,1.0360571635199185e-05,0,1,1,0,,0,0
11,6100,5.8342181839049783,5422.5153439872392,0.0010759246980046365,0.054801316701579068,5466.7175442162788,1.0024537806888925e-05,9.8353160133764401e-13,5422.5153439873393,1.8137921959560995e-16,1.0024537806888925e-05,0,1,1,0,,0,0
11,6200,5.6479957742118003,5417.4436299519584,0.001042557368384078,0.05298608956360655,5461.6426275815247,9.7014933375582973e-06,1.1089508992994767e-12,5417.4436299520485,2.0470003474854659e-16,9.7014933375582973e-06,0,1,1,0,,0,0
11,6300,5.4696811948212067,5412.508113302074,0.0010105631401047918,0.051251029758723414,5456.7041401431998,9.3923050329385162e-06,1.1042937770537175e-12,5412.508113302164,2.0402625805580351e-16,9.3923050329385162e-06,0,1,1,0,,0,0
11,6400,5.2992887479168127,5407.7047900426751,0.00097995156053535116,0.049581944944872405,5451.8980479589591,9.0944372966465372e-06,8.9219207515629437e-13,5407.7047900427597,1.6498535141916273e-16,9.0944372966465372e-06,1,1,1,1,,0,0
12,100,171.96229640244815,5411.503185336428,0.031777177341115695,0.91259059227419059,5449.037491183406,0.00016747739279657567,7.0940823677120672e-13,5411.5031853365235,1.3109263960030192e-16,0.00016747739279657567,0,1,1,0,,0,0
12,200,63.317741042876669,5435.1871277777173,0.01164959725476193,0.53729326697708191,5472.7423141027748,9.8176240747262027e-05,1.0512463291462496e-12,5435.1871277778346,1.9341492839751582e-16,9.8176240747262027e-05,0,1,1,0,,0,0
12,300,47.257096766963862,5451.6762958918243,0.0086683607393518592,0.42233570421736683,5489.2604933298371,7.6938542947735749e-05,1.0836701472796857e-12,5451.6762958919371,1.987774197261631e-16,7.6938542947735749e-05,0,1,1,0,,0,0
12,400,38.48656870858801,5464.0548140250003,0.0070435912556736507,0.35297564720217545,5501.6450644304587,6.4158200514288568e-05,1.0262240140784459e-12,5464.0548140250985,1.8781363822418858e-16,6.4158200514288568e-05,0,1,1,0,,0,0
12,500,32.829398786454945,5473.7303163163733,0.0059976281053882767,0.30619789857699514,5511.3252691546431,5.5557943620330254e-05,1.1459503601913439e-12,5473.7303163164843,2.0935455237453217e-16,5.5557943620330254e-05,0,1,1,0,,0,0
12,600,28.842762886966092,5481.4793966952811,0.0052618573927971073,0.27183732836647345,5519.0957727352788,4.9253961076263431e-05,1.1153712078693393e-12,5481.4793966953857,2.034799599067657e-16,4.9253961076263431e-05,0,1,1,0,,0,0
12,700,25.799848784325633,5487.7946877152453,0.0047013145083725756,0.24458834440915977,5525.4433493477054,4.4265831526086347e-05,1.099321834260804e-12,5487.794687715339,2.0032123955396554e-16,4.4265831526086347e-05,0,1,1,0,,0,0
12,800,23.319074549003197,5492.9946367529092,0.0042452389072034254,0.22192513023300264,5530.6812525119658,4.0126183394171745e-05,7.4698212957339692e-13,5492.9946367530101,1.3598814107252597e-16,4.0126183394171745e-05,0,1,1,0,,0,0
12,900,21.219875785197658,5497.3085890969951,0.003860048138335145,0.20252265124951832,5535.0313993477557,3.6589250654184804e-05,8.4409797809206419e-13,5497.3085890970906,1.5354749772755685e-16,3.6589250654184804e-05,0,1,1,0,,0,0
12,1000,19.401183890224818,5500.8994760136902,0.0035269111851293413,0.18560831928133478,5538.6583114926161,3.3511422594204969e-05,8.5600654474058627e-13,5500.8994760137903,1.5561210461545986e-16,3.3511422594204969e-05,0,1,1,0,,0,0
12,1100,17.807711137059346,5503.8976134665436,0.0032354728208404005,0.17074391999490782,5541.6854185602469,3.0810828673719228e-05,9.7275523588938773e-13,5503.8976134666291,1.7673934077358282e-16,3.0810828673719228e-05,0,1,1,0,,0,0
12,1200,16.403820076783752,5506.3954300402584,0.0029790486871488307,0.15762723404748244,5544.2081358874484,2.8430973402164927e-05,1.0202849985230592e-12,5506.3954300403648,1.8529090609018973e-16,2.8430973402164927e-05,0,1,1,0,,0,0
12,1300,15.163433457206395,5508.4655097526211,0.0027527509122749084,0.14605239303707143,5546.3036558924296,2.6333284670035042e-05,1.1145980577944258e-12,5508.4655097527275,2.0234274968610261e-16,2.6333284670035042e-05,0,1,1,0,,0,0
12,1400,14.067829867113382,5510.1734523356099,0.0025530647971073249,0.13586548961839401,5548.0353395806305,2.4488937308871564e-05,9.9703769139468726e-13,5510.1734523357118,1.8094488313649222e-16,2.4488937308871564e-05,0,1,1,0,,0,0
12,1500,13.099968461141069,5511.5676662594678,0.0023768135046832541,0.12685410490898158,5549.453721969624,2.2858845440368542e-05,1.148392077080922e-12,5511.5676662595743,2.0836033350567177e-16,2.2858845440368542e-05,0,1,1,0,,0,0
12,1600,12.238735655819523,5512.6921890916319,0.0022201014016413265,0.11882003648487761,5550.6023325680198,2.1406692348991392e-05,7.7476066359354469e-13,5512.6921890917347,1.4054125226266142e-16,2.1406692348991392e-05,0,1,1,0,,0,0
12,1700,11.468760873462555,5513.5850862394218,0.002080091391368171,0.11158233925033076,5551.5173523723979,2.0099430870489293e-05,1.1030384081573167e-12,5513.5850862395282,2.0005829073178054e-16,2.0099430870489293e-05,0,1,1,0,,0,0
12,1800,10.770978375556194,5514.2747097921874,0.0019532901319604572,0.10495112489343356,5552.2294003323723,1.89025195693735e-05,1.15075517067827e-12,5514.2747097923057,2.0868658731033966e-16,1.89025195693735e-05,0,1,1,0,,0,0
12,1900,10.131172824520734,5514.7874103297199,0.001837092179753672,0.098853145637305614,5552.7644330675566,1.7802510232312415e-05,8.7937149542796937e-13,5514.7874103298109,1.5945700713336812e-16,1.7802510232312415e-05,0,1,1,0,,0,0
12,2000,9.5439568612269241,5515.1462100563167,0.0017304993372296231,0.093252463568012325,5553.1451541329325,1.6792729341607272e-05,1.0750840307325937e-12,5515.1462100564177,1.9493300626776965e-16,1.6792729341607272e-05,0,1,1,0,,0,0
12,2100,9.0069282883652697,5515.3713188621759,0.0016330592751864627,0.088129750272420412,5553.3915267611401,1.5869536633196762e-05,1.1113835105848718e-12,5515.3713188622587,2.0150656163149032e-16,1.5869536633196762e-05,0,1,1,0,,0,0
12,2200,8.5183078533300893,5515.480350900596,0.0015444362614652732,0.083445378381280258,5553.5205863207384,1.5025671929049899e-05,9.1944813342007079e-13,5515.4803509007097,1.6670318357129485e-16,1.5025671929049899e-05,0,1,1,0,,0,0
12,2300,8.0707064815606859,5515.4878183417823,0.0014632806285459485,0.079134292754839949,5553.5474169144172,1.4249323326892095e-05,9.0019153054312923e-13,5515.4878183418869,1.6321158892773197e-16,1.4249323326892095e-05,0,1,1,0,,0,0
12,2400,7.6582959437451477,5515.406475440157,0.0013885279313224103,0.075144563604312112,5553.4853402358149,1.3531063647522167e-05,1.097086062844439e-12,5515.4064754402561,1.9891300264625852e-16,1.3531063647522167e-05,0,1,1,0,,0,0
12,2500,7.276688964458863,5515.2480919260533,0.0013193765435704405,0.071435437843138494,5553.3464257603164,1.2863493894739004e-05,9.4992622793520437e-13,5515.2480919261534,1.722363549385592e-16,1.2863493894739004e-05,0,1,1,0,,0,0
12,2600,6.9218352983731171,5515.023783788226,0.0012550871165270957,0.067974819370981002,5553.1399840946851,1.2240789817233965e-05,1.1390992841223092e-12,5515.0237837883233,2.0654476368184415e-16,1.2240789817233965e-05,0,1,1,0,,0,0
12,2700,6.5908218950447903,5514.7418923365431,0.001195127899676248,0.064737391899673938,5552.8749703683488,1.1658355760778024e-05,4.1463804029248826e-13,5514.7418923366413,7.5187207014833242e-17,1.1658355760778024e-05,0,1,1,0,,0,0
12,2800,6.2815625166311806,5514.4100170822594,0.0011391177836200927,0.061702402692667468,5552.5596144291312,1.1112425075513793e-05,9.9320293903785713e-13,5514.4100170823585,1.8011046258097341e-16,1.1112425075513793e-05,0,1,1,0,,0,0
12,2900,5.9919286601476678,5514.0354454676617,0.0010866685061070504,0.058851643400602179,5552.2006522226193,1.0599696784561107e-05,1.0873211714139928e-12,5514.0354454677627,1.9719154549644974e-16,1.0599696784561107e-05,0,1,1,0,,0,0
12,3000,5.720290357908266,5513.624439573211,0.0010374827702902181,0.056170217943741087,5551.8044786852333,1.0117470483586482e-05,1.0808162734753362e-12,5513.6244395733138,1.9602645869709943e-16,1.0117470483586482e-05,0,1,1,0,,0,0
12,3100,5.4648999676923307,5513.1823641602405,0.00099124237268446232,0.053644960515810039,5551.3766518259381,9.6633616993300826e-06,8.0511691199569926e-13,5513.1823641603469,1.4603487764698999e-16,9.6633616993300826e-06,1,1,1,1,,0,0
13,100,168.15503486224907,5390.6841410412144,0.031193635253459646,0.99906534124038604,5427.2134134014059,0.00018408440301488722,1.0904111704754661e-12,5390.6841410413072,2.0227695445439948e-16,0.00018408440301488722,0,1,1,0,,0,0
13,200,79.926967316383795,5328.6574631870271,0.014999456780353849,0.67401336274753665,5365.4581167212,0.00012562084133077201,1.0644251051319248e-12,5328.6574631871154,1.9975483740238071e-16,0.00012562084133077201,0,1,1,0,,0,0
13,300,63.05818116265975,5279.578638353014,0.011943790495813318,0.55474163259401565,5316.2813833582431,0.00010434768075492474,9.2227208536204211e-13,5279.5786383531013,1.7468668402100615e-16,0.00010434768075492474,0,1,1,0,,0,0
13,400,53.382407372541969,5238.328070585193,0.010190733885550323,0.47911256041351152,5274.7246703918327,9.0831766651797708e-05,1.0003972239632734e-12,5238.3280705852712,1.9097643570298573e-16,9.0831766651797708e-05,0,1,1,0,,0,0
13,500,46.732112320439086,5202.0959182146671,0.0089833238477612133,0.4257817591723439,5238.3141346126058,8.1282211839674666e-05,1.0565964302219812e-12,5202.0959182147435,2.0310975553572343e-16,8.1282211839674666e-05,0,1,1,0,,0,0
13,600,41.974614779908798,5169.5716595095209,0.0081195537163501214,0.38611123756307641,5205.7239513806617,7.4170517140209103e-05,1.0847446505014087e-12,5169.5716595095892,2.0983259773679447e-16,7.4170517140209103e-05,0,1,1,0,,0,0
13,700,38.213371223154958,5140.0198484184075,0.0074344793113811179,0.3544650025824706,5176.1564102227303,6.8480349991436584e-05,8.7365917807651983e-13,5140.019848418503,1.6997194638174985e-16,6.8480349991436584e-05,0,1,1,0,,0,0
13,800,35.204259611843959,5112.8918962120324,0.0068853909541732334,0.32777426556515193,5149.057276022686,6.3657141102601287e-05,7.6328138552466882e-13,5112.8918962121224,1.4928564910401188e-16,6.3657141102601287e-05,0,1,1,0,,0,0
13,900,32.592651481198629,5087.7988168653774,0.006406041719487476,0.30482058009259516,5124.0190715199815,5.9488572512704105e-05,9.2772539189668254e-13,5087.7988168654792,1.8234317536718975e-16,5.9488572512704105e-05,0,1,1,0,,0,0
13,1000,30.34686867811936,5064.4596878398515,0.0059921236516077862,0.2844352968664734,5100.739503566916,5.576354108410546e-05,9.2049110033461806e-13,5064.459687839958,1.8175504536935441e-16,5.576354108410546e-05,0,1,1,0,,0,0
13,1100,28.345490051956173,5042.6525063683839,0.0056211468103658842,0.26637666131349275,5078.9698381468588,5.2446986259458555e-05,1.0143794109111775e-12,5042.6525063684794,2.0115988750565201e-16,5.2446986259458555e-05,0,1,1,0,,0,0
13,1200,26.561346803348787,5022.1770862130861,0.0052888112759434894,0.25009361829807519,5058.5242904427532,4.9440035065282933e-05,6.8562965871985567e-13,5022.1770862131762,1.365204067777774e-16,4.9440035065282933e-05,0,1,1,0,,0,0
13,1300,24.963410239778327,5002.8762184046809,0.0049898116903117516,0.2353974026837726,5039.2564641824338,4.6712725251613752e-05,9.2213460175030737e-13,5002.8762184047737,1.8432089092229048e-16,4.6712725251613752e-05,0,1,1,0,,0,0
13,1400,23.517871352846928,4984.6258879752513,0.0047180815333765919,0.22208988793037079,5021.0385305786904,4.4231862906014035e-05,8.7922696323156405e-13,4984.6258879753495,1.7638775366323181e-16,4.4231862906014035e-05,0,1,1,0,,0,0
13,1500,22.208934563336982,4967.3242554375729,0.0044710056000522944,0.20995829435586588,5003.7648578999633,4.1960064135384562e-05,7.4384223857726448e-13,4967.3242554376584,1.4974706709814467e-16,4.1960064135384562e-05,0,1,1,0,,0,0
13,1600,21.011105840921729,4950.883484898849,0.0042439103858957017,0.19876749572572575,4987.3488490588306,3.9854339798836294e-05,6.4201160816253601e-13,4950.8834848989318,1.2967616994437149e-16,3.9854339798836294e-05,0,1,1,0,,0,0
13,1700,19.904197849748599,4935.2332652577061,0.0040330814735479881,0.18839885388548427,4971.7151870165053,3.7894136489854162e-05,9.8479503123484555e-13,4935.2332652578016,1.9954376587778224e-16,3.7894136489854162e-05,0,1,1,0,,0,0
13,1800,18.879970982540524,4920.3121040554652,0.0038371490635683656,0.17878367097556216,4956.7990915006767,3.6068371478303191e-05,8.556637594006784e-13,4920.3121040555579,1.739043664924018e-16,3.6068371478303191e-05,0,1,1,0,,0,0
13,1900,17.930978742434739,4906.055300493651,0.0036548668215440846,0.16985661485874329,4942.5439730923736,3.4366232406521222e-05,8.2211314265487226e-13,4906.0553004937392,1.6757111208512792e-16,3.4366232406521222e-05,0,1,1,0,,0,0
13,2000,17.050530805650141,4892.4121935210469,0.0034850969483376563,0.16155904169357829,4928.9009822174758,3.2777903690184114e-05,8.5185538873202345e-13,4892.4121935211324,1.7411766528178243e-16,3.2777903690184114e-05,0,1,1,0,,0,0
13,2100,16.232470421027809,4879.3366972760159,0.0033267780905732328,0.1538355117642857,4915.8280313511623,3.1293916463957864e-05,8.6690539644697145e-13,4879.3366972760941,1.7766869765944299e-16,3.1293916463957864e-05,0,1,1,0,,0,0
13,2200,15.471252227038631,4866.7908005108329,0.0031789433450508543,0.14663591242567667,4903.2857096243879,2.9905643095170482e-05,8.3682024390420093e-13,4866.7908005109175,1.7194497939306354e-16,2.9905643095170482e-05,0,1,1,0,,0,0
13,2300,14.761797899801515,4854.7396458562425,0.0030406981582218173,0.1399141053777051,4891.2383908201555,2.8605047269888743e-05,6.3929365095896878e-13,4854.7396458563153,1.3168443574613267e-16,2.8605047269888743e-05,0,1,1,0,,0,0
13,2400,14.099389768524016,4843.1515800929737,0.0029112014223294969,0.13362955109558511,4879.6541002756794,2.7385045814627641e-05,8.0301594926102159e-13,4843.151580093062,1.6580442217866564e-16,2.7385045814627641e-05,0,1,1,0,,0,0
13,2500,13.4801887773852,4831.9987257127023,0.0027897749032201827,0.12774463011401233,4868.5043759711152,2.6238988454956712e-05,9.6958679691831751e-13,4831.9987257127905,2.0065957214740143e-16,2.6238988454956712e-05,0,1,1,0,,0,0
13,2600,12.900396720183885,4821.2543412315608,0.002675734530298303,0.1222256973801545,4857.7641464574572,2.5160895773272164e-05,7.681620037663082e-13,4821.2543412316609,1.5932824725651578e-16,2.5160895773272164e-05,0,1,1,0,,0,0
13,2700,12.356650059159636,4810.895327047836,0.0025684720242587747,0.1170427436463046,4847.4105611703826,2.4145415819295741e-05,7.8010761031858077e-13,4810.8953270479278,1.6215435117298054e-16,2.4145415819295741e-05,0,1,1,0,,0,0
13,2800,11.845989666226576,4800.9026153265395,0.0024674505224099104,0.11216837365141916,4837.4220860677015,2.3187634168718956e-05,8.8493854239380006e-13,4800.9026153266177,1.8432753448667806e-16,2.3187634168718956e-05,0,1,1,0,,0,0
13,2900,11.365717511515413,4791.2554382996132,0.0023721794126570373,0.10757786221235296,4827.7788815145586,2.2283096399519423e-05,6.9243140443707527e-13,4791.2554382997077,1.4451982645341931e-16,2.2283096399519423e-05,0,1,1,0,,0,0
13,3000,10.913406988124583,4781.9377849422281,0.0022822143404896749,0.10324892010495353,4818.4632160978899,2.1427769700516058e-05,8.0645329874647195e-13,4781.9377849423208,1.6864571121897173e-16,2.1427769700516058e-05,0,1,1,0,,0,0
13,3100,10.486850625571229,4772.9310703940737,0.0021971510736075619,0.099161344244886915,4809.458543196818,2.0617985029760744e-05,8.3021512269788455e-13,4772.9310703941555,1.7394240781049541e-16,2.0617985029760744e-05,0,1,1,0,,0,0
13,3200,10.084060863336315,4764.2210789106912,0.0021166231995350584,0.095296702644797282,4800.749465693365,1.9850380305366285e-05,6.9874574876171991e-13,4764.2210789107821,1.4666526535780962e-16,1.9850380305366285e-05,0,1,1,0,,0,0
13,3300,9.7032271682915994,4755.7940992242184,0.002040295892934983,0.091638302392702042,4792.3219227299278,1.9121900379451269e-05,6.4768916836402792e-13,4755.7940992243111,1.3618948904235964e-16,1.9121900379451269e-05,0,1,1,0,,0,0
13,3400,9.3427147285844274,4747.6352416612581,0.0019678670017866185,0.088170983302304523,4784.1631686235223,1.8429760899579159e-05,8.9301839137172472e-13,4747.6352416613518,1.8809751506083029e-16,1.8429760899579159e-05,0,1,1,0,,0,0
13,3500,9.0010347419793657,4739.7325027349416,0.0018990596487851474,0.084880983334192903,4776.26084604071,1.7771429591111036e-05,8.4426549240991088e-13,4739.7325027350362,1.7812513510471999e-16,1.7771429591111036e-05,0,1,1,0,,0,0
13,3600,8.6768356983575678,4732.0748851785866,0.0018336218062682049,0.08175576373433914,4768.6037928223586,1.7144591433114421e-05,7.6550984450560015e-13,4732.0748851786775,1.6177044173651013e-16,1.7144591433114421e-05,0,1,1,0,,0,0
13,3700,8.3688815315054672,4724.652412049104,0.0017713221633326131,0.078783884056409542,4761.1816506124769,1.6547128389078539e-05,5.9574723101338311e-13,4724.6524120491804,1.2609334593462614e-16,1.6547128389078539e-05,0,1,1,0,,0,0
13,3800,8.0760422927767301,4717.4547668215691,0.0017119490682934607,0.075954942190656863,4753.9846451058283,1.5977111383574113e-05,5.443451729815604e-13,4717.4547668216564,1.153895903379924e-16,1.5977111383574113e-05,0,1,1,0,,0,0
13,3900,7.7972902456030777,4710.4728307401356,0.0016553094616571485,0.073259403129916148,4747.003614809978,1.5432767504401556e-05,7.6829243106419672e-13,4710.4728307402256,1.6310303841482165e-16,1.5432767504401556e-05,0,1,1,0,,0,0
13,4000,7.5316931358504782,4703.6981714807398,0.0016012279830190457,0.070688506060854472,4740.2300310879209,1.4912463234327659e-05,6.8611319340702642e-13,4703.6981714808353,1.4586675598511496e-16,1.4912463234327659e-05,0,1,1,0,,0,0
13,4100,7.278371343627553,4697.1225861706689,0.0015495382992678605,0.068234264931723784,4733.6558298546461,1.4414707656052598e-05,6.0282120210842192e-13,4697.122586170748,1.2833840102092418e-16,1.4414707656052598e-05,0,1,1,0,,0,0
13,4200,7.0365502963829893,4690.739009907853,0.0015000941816460641,0.06588931455001619,4727.2734960641801,1.3938121964991898e-05,8.3362717194447513e-13,4690.7390099079521,1.7771766243733812e-16,1.3938121964991898e-05,0,1,1,0,,0,0
13,4300,6.805498463557913,4684.539912940656,0.001452757066869744,0.063646892799209931,4721.0757279833824,1.3481438652202437e-05,8.1220118047027785e-13,4684.5399129407415,1.7337907149144448e-16,1.3481438652202437e-05,0,1,1,0,,0,0
13,4400,6.5845441101502624,4678.5185136225991,0.0014073993917044091,0.061500777468243339,4715.0558265455611,1.3043488715869835e-05,7.2606094601884068e-13,4678.5185136226946,1.5519035436211908e-16,1.3043488715869835e-05,0,1,1,0,,0,0
13,4500,6.3730756690374548,4672.6685836941169,0.0013639049196164112,0.059445212529103009,4709.2075531329428,1.2623188054125006e-05,7.8668928501764244e-13,4672.6685836942097,1.6835974367257311e-16,1.2623188054125006e-05,0,1,1,0,,0,0
13,4600,6.1705175017487761,4666.9841115582276,0.0013221638116287788,0.057474895292038267,4703.5250074358864,1.2219536454292298e-05,7.2323801813970259e-13,4666.984111558324,1.5496903371676803e-16,1.2219536454292298e-05,0,1,1,0,,0,0
13,4700,5.9763566137700455,4661.4594020259665,0.0012820784433245514,0.05558490076505359,4698.0024857129274,1.1831603098144917e-05,7.2116390677296935e-13,4661.4594020260629,1.5470775235316255e-16,1.1831603098144917e-05,0,1,1,0,,0,0
13,4800,5.790101852631369,4656.0890210757962,0.001243554800267448,0.053770708708981346,4692.6343529122705,1.1458533664701789e-05,6.2399722738362088e-13,4656.0890210758644,1.3401746069696844e-16,1.1458533664701789e-05,0,1,1,0,,0,0
13,4900,5.6113063528751104,4650.8678297209035,0.0012065073784760386,0.052028124966109437,4687.4155089841288,1.1099533392418445e-05,7.1904609867055316e-13,4650.8678297209881,1.5460471572112805e-16,1.1099533392418445e-05,0,1,1,0,,0,0
13,5000,5.4395487171726913,4645.7909807162941,0.0011708552407439592,0.05035321490413551,4682.3409972016843,1.0753854735105408e-05,7.1717065083478542e-13,4645.7909807163815,1.5436997785987298e-16,1.0753854735105408e-05,0,1,1,0,,0,0
13,5100,5.2744488095664321,4640.8537115606396,0.0011365255483980177,0.048742394991963804,4677.4061296479877,1.0420817359221288e-05,7.1638174255892113e-13,4640.8537115607296,1.5436421552662997e-16,1.0420817359221288e-05,0,1,1,0,,0,0
13,5200,5.1156393947351395,4636.0515860000223,0.0011034474702963572,0.047192269448408306,4672.6066033733205,1.0099773735357591e-05,7.778973688987625e-13,4636.0515860001096,1.6779307875862452e-16,1.0099773735357591e-05,0,1,1,0,,0,0
13,5300,4.962811196801602,4631.3805223523741,0.0010715619614604431,0.045699705602634706,4667.9380300169905,9.7901268844540268e-06,7.723046055891367e-13,4631.3805223524687,1.6675472936455056e-16,9.7901268844540268e-06,0,1,1,0,,0,0
13,5400,4.8156317038256962,4626.8362768601773,0.0010408044321580442,0.044261784080264384,4663.3963821747056,9.4913192988376338e-06,6.9581242072581906e-13,4626.8362768602728,1.503862205381494e-16,9.4913192988376338e-06,0,1,1,0,,0,0
13,5500,4.6738327780810822,4622.4150262367175,0.0010111235688601129,0.042875761852770977,4658.9777735439466,9.2028260139469723e-06,8.3092135738172326e-13,4622.4150262368194,1.7975914163168282e-16,9.2028260139469723e-06,0,1,1,0,,0,0
13,5600,4.5371201585685643,4618.1129243670475,0.00098246193475020238,0.041539093318917038,4654.678338555238,8.9241598017297843e-06,6.9072503454197486e-13,4618.1129243671421,1.495686757457605e-16,8.9241598017297843e-06,1,1,1,1,,0,0
14,100,110.93965988483799,4584.8579109744278,0.024196967940770885,0.54582469310344939,4618.2071694222877,0.0001181897375062386,8.4461809359112801e-13,4584.8579109745178,1.8421903360830724e-16,0.0001181897375062386,0,1,1,0,,0,0
14,200,34.601827054287298,4573.5940138188153,0.0075655659312435994,0.29266863381408775,4607.5891576796721,6.35188216219938e-05,8.0715544882568077e-13,4573.5940138188998,1.7648165674235588e-16,6.35188216219938e-05,0,1,1,0,,0,0
14,300,25.462197480374535,4562.5190761447802,0.0055807322786887905,0.23360177524038203,4596.7865445145117,5.0818495263641574e-05,6.1668813243616024e-13,4562.5190761448675,1.3516395704743776e-16,5.0818495263641574e-05,0,1,1,0,,0,0
14,400,21.017991412364015,4551.7743727781572,0.0046175380612145257,0.19751635868697232,4586.2215354342425,4.3067339237957386e-05,7.5292362735883563e-13,4551.7743727782381,1.6541321377036496e-16,4.3067339237957386e-05,0,1,1,0,,0,0
14,500,18.014138265036788,4541.4916788548744,0.0039665685943916576,0.17102606582773619,4576.0590472399399,3.7374095059129742e-05,8.197577824683327e-13,4541.4916788549554,1.8050408113376041e-16,3.7374095059129742e-05,0,1,1,0,,0,0
14,600,15.743776121171901,4531.6820055553753,0.0034741573000646678,0.15032240759446264,4566.3376540810286,3.2919687281582531e-05,7.8705225134103511e-13,4531.682005555459,1.7367773166258701e-16,3.2919687281582531e-05,0,1,1,0,,0,0
14,700,14.013664268644099,4522.3171698147607,0.0030987796172682234,0.13471483349559085,4557.0430524242993,2.9561896156307755e-05,7.8163699776155008e-13,4522.3171698148326,1.7283993324898845e-16,2.9561896156307755e-05,0,1,1,0,,0,0
14,800,12.725504356297776,4513.3636345951272,0.0028195167477214188,0.1226736277544532,4548.1481215709055,2.6972214729031826e-05,6.9067808519977444e-13,4513.3636345952209,1.5302956755039251e-16,2.6972214729031826e-05,0,1,1,0,,0,0
14,900,11.690358563502947,4504.7882099368971,0.0025950961551790036,0.11284462167197462,4539.6230004270037,2.485770771303262e-05,6.8633063735249844e-13,4504.7882099369763,1.5235580572656943e-16,2.485770771303262e-05,0,1,1,0,,0,0
14,1000,10.831874876018956,4496.560734212665,0.0024089244016217179,0.10459832604718899,4531.4383512802424,2.3082809019709471e-05,7.327036642648286e-13,4496.560734212746,1.6294757428492952e-16,2.3082809019709471e-05,0,1,1,0,,0,0
14,1100,10.105084424198363,4488.6548961826011,0.0022512500198650343,0.097608130814987717,4523.5683626739501,2.1577684471488803e-05,8.0220575525895104e-13,4488.6548961826884,1.7871851898019054e-16,2.1577684471488803e-05,0,1,1,0,,0,0
14,1200,9.4879064972141389,4481.0469698667403,0.0021173414519009819,0.09164497671621892,4515.990861186694,2.0293437151052343e-05,6.1638771462548285e-13,4481.0469698668267,1.3755439716888338e-16,2.0293437151052343e-05,0,1,1,0,,0,0
14,1300,8.9607265895614638,4473.7153594135052,0.0020029719974710676,0.086514739403080534,4508.6859093039884,1.9188460039886861e-05,7.9296094099932783e-13,4473.7153594135816,1.7724885856467851e-16,1.9188460039886861e-05,0,1,1,0,,0,0
14,1400,8.492284379287284,4466.6422099089623,0.0019012681070464275,0.081920488409215036,4501.6362199242039,1.8197936129675617e-05,7.6366461075857745e-13,4466.642209909046,1.7097062510724984e-16,1.8197936129675617e-05,0,1,1,0,,0,0
14,1500,8.0652679906715221,4459.8120138733821,0.0018084322759754112,0.077719677470237655,4494.8267501422615,1.7290917267896437e-05,7.7590188251832519e-13,4459.8120138734585,1.7397636494647562e-16,1.7290917267896437e-05,0,1,1,0,,0,0
14,1600,7.6714869511875028,4453.2105277488808,0.0017226867904368932,0.07384201304130078,4488.2441518543474,1.6452316438889019e-05,7.4761034129960696e-13,4453.2105277489709,1.6788120315468499e-16,1.6452316438889019e-05,0,1,1,0,,0,0
14,1700,7.3065752346296442,4446.8253851948921,0.0016430992003769488,0.070244595734155951,4481.8762432666163,1.5673033328327281e-05,6.7147740089691177e-13,4446.8253851949712,1.5100152192449329e-16,1.5673033328327281e-05,0,1,1,0,,0,0
14,1800,6.9676778934165622,4440.6455279296824,0.0015690686972407439,0.066898302223979245,4475.7121175832426,1.4946962732737696e-05,7.4466720123404512e-13,4440.6455279297679,1.6769345730263895e-16,1.4946962732737696e-05,0,1,1,0,,0,0
14,1900,6.6526738364585176,4434.6609614862027,0.001500153877429445,0.063781542981257502,4469.7419701877407,1.4269625272927895e-05,6.516122802333003e-13,4434.6609614862909,1.4693621133438583e-16,1.4269625272927895e-05,0,1,1,0,,0,0
14,2000,6.3600785361898398,4428.862629619809,0.00143605233850656,0.060877421740260895,4463.9567229865906,1.3637547475937697e-05,6.5610428568797004e-13,4428.8626296198945,1.4814283949562914e-16,1.3637547475937697e-05,0,1,1,0,,0,0
14,2100,6.0886780575002319,4423.2421176395301,0.0013765192805564675,0.058172009161488604,4458.3482456460251,1.304788364576472e-05,6.8731629782948275e-13,4423.2421176396092,1.5538744648150932e-16,1.304788364576472e-05,0,1,1,0,,0,0
14,2200,5.8377026228016717,4417.79172214547,0.0013214073885689278,0.055653981667635084,4452.9089352350929,1.2498342651307064e-05,5.7922797646527027e-13,4417.7917221455527,1.3111255869345542e-16,1.2498342651307064e-05,0,1,1,0,,0,0
14,2300,5.6069839702994617,4412.5042742555215,0.0012707033516121576,0.053314490543853933,4447.631775760271,1.1987163783301382e-05,6.9994208962609241e-13,4412.5042742556097,1.5862694880769781e-16,1.1987163783301382e-05,0,1,1,0,,0,0
14,2400,5.3988807437146189,4407.3732563877757,0.0012249656268367589,0.051148021313847214,4442.5103229423994,1.151331512944475e-05,5.9055378254025727e-13,4407.3732563878575,1.3399223260347508e-16,1.151331512944475e-05,0,1,1,0,,0,0
14,2500,5.2118970457300531,4402.3924917741397,0.0011838783242222202,0.049157481371230563,4437.5384718470668,1.1077646240837977e-05,6.6626645420540332e-13,4402.3924917742288,1.5134190226116986e-16,1.1077646240837977e-05,0,1,1,0,,0,0
14,2600,5.0372805584201297,4397.5562132027017,0.0011454726930600217,0.047358264144862286,4432.7105713008268,1.068381600447342e-05,7.6106648796473949e-13,4397.556213202779,1.7306577814282174e-16,1.068381600447342e-05,0,1,1,0,,0,0
14,2700,4.8726599497081065,4392.8590307588838,0.0011092229264790076,0.045698832812856457,4428.0213181895233,1.0320373261333179e-05,6.8593021565569465e-13,4392.8590307589748,1.5614664865245705e-16,1.0320373261333179e-05,0,1,1,0,,0,0
14,2800,4.7167070289452937,4388.2958919747598,0.0010748379655918659,0.044140703041013835,4423.4657211111989,9.9787600546671462e-06,7.1208457289332824e-13,4388.2958919748453,1.6226904256742633e-16,9.9787600546671462e-06,0,1,1,0,,0,0
14,2900,4.5684821459897789,4383.8620348018212,0.0010421135769607549,0.042666863139428364,4419.0390510202114,9.6552355946205046e-06,5.8220742671569853e-13,4383.8620348019085,1.3280696839767368e-16,9.6552355946205046e-06,0,1,1,0,,0,0
14,3000,4.4272630733226865,4379.5529651910783,0.0010108938306057286,0.041266941242305032,4414.7368574796437,9.3475426904298365e-06,7.467350619211441e-13,4379.5529651911647,1.7050485925303784e-16,9.3475426904298365e-06,0,1,1,0,,0,0
14,3100,4.2924370495253843,4375.3644327164011,0.0009810467483414788,0.039933371829008621,4410.5548786391382,9.0540471500334046e-06,6.3263233525759095e-13,4375.3644327164811,1.4458963247201239e-16,9.0540471500334046e-06,1,1,1,1,,0,0
15,100,100.37366856121237,4317.2129804442311,0.023249644855576283,0.55528954678003428,4349.3494739586322,0.0001276718622186569,6.5152725506605492e-13,4317.2129804443302,1.5091385530833813e-16,0.0001276718622186569,0,1,1,0,,0,0
15,200,41.998226698780044,4284.9883672898222,0.0098012463742913648,0.36467263215582385,4317.4286154818319,8.4465237212758359e-05,6.3739769942016333e-13,4284.9883672899177,1.4875132550786634e-16,8.4465237212758359e-05,0,1,1,0,,0,0
15,300,35.440140295396795,4256.7586427074957,0.0083256165712170191,0.32401774012289541,4289.3867652252648,7.5539408744802026e-05,7.5730644221979129e-13,4256.7586427075948,1.7790683141435796e-16,7.5539408744802026e-05,0,1,1,0,,0,0
15,400,32.294715037963826,4231.2015146402582,0.0076325164202701795,0.29988426606666707,4264.006273054224,7.0329227225049523e-05,4.8850046017567383e-13,4231.2015146403573,1.1545194869244967e-16,7.0329227225049523e-05,0,1,1,0,,0,0
15,500,30.076686364607099,4207.8427444857925,0.0071477686289539641,0.2812880628878604,4240.743999358273,6.6329885258441931e-05,6.7265438282327478e-13,4207.8427444858862,1.5985730068091211e-16,6.6329885258441931e-05,0,1,1,0,,0,0
15,600,28.247240583208807,4186.3506795662988,0.0067474616307430773,0.26531533472071617,4219.227835700045,6.2882438458480554e-05,7.1677433343612755e-13,4186.3506795663989,1.7121698307184515e-16,6.2882438458480554e-05,0,1,1,0,,0,0
15,700,26.635989934470285,4166.3355333535865,0.0063931456603137093,0.25082701305642635,4199.2083778816905,5.9731975764193242e-05,5.2000335317215255e-13,4166.3355333536902,1.2481072371854219e-16,5.9731975764193242e-05,0,1,1,0,,0,0
15,800,25.159946702242177,4147.6768180619883,0.0060660335426033071,0.23734196891573436,4180.4744750450918,5.6773930885721845e-05,7.3402668525921009e-13,4147.6768180620902,1.7697297004017003e-16,5.6773930885721845e-05,0,1,1,0,,0,0
15,900,23.79051963083873,4130.1048919366658,0.0057602700786814672,0.22471139804486326,4162.8411477779709,5.3980296164990354e-05,6.2841755267512922e-13,4130.1048919367613,1.5215534934766285e-16,5.3980296164990354e-05,0,1,1,0,,0,0
15,1000,22.513850590965852,4113.5091703929256,0.0054731494834166887,0.21286307013287201,4146.1744578951912,5.1339631820734367e-05,5.8177888013691411e-13,4113.5091703930293,1.4143128313029321e-16,5.1339631820734367e-05,0,1,1,0,,0,0
15,1100,21.322423177017853,4097.7585034866688,0.0052034357707696037,0.20175704432473754,4130.3636237307965,4.8847283848219216e-05,7.4121502062520482e-13,4097.7585034867652,1.8088304130038609e-16,4.8847283848219216e-05,0,1,1,0,,0,0
15,1200,20.210451068332421,4082.7745773147799,0.0049501755939767638,0.19135704567283771,4115.3299232937015,4.6498591665692075e-05,5.0198539240848584e-13,4082.7745773148818,1.2295202267538038e-16,4.6498591665692075e-05,0,1,1,0,,0,0
15,1300,19.173084228055885,4068.4971986142277,0.0047125715693220674,0.18162811691544775,4100.9957625263069,4.4288784342357061e-05,6.8438160395295445e-13,4068.4971986143269,1.6821483966759156e-16,4.4288784342357061e-05,0,1,1,0,,0,0
15,1400,18.205663012858505,4054.8472250394334,0.0044898517755330358,0.172532826364338,4087.3017005267998,4.2211913630476747e-05,7.3223998784158976e-13,4054.8472250395298,1.8058386597646755e-16,4.2211913630476747e-05,0,1,1,0,,0,0
15,1500,17.303337566037079,4041.7789841064323,0.0042811191888718651,0.16403299445610028,4074.1962770484797,4.0261436440890555e-05,5.9754510333667656e-13,4041.7789841065382,1.4784210262025691e-16,4.0261436440890555e-05,0,1,1,0,,0,0
15,1600,16.461554158833785,4029.2544274510064,0.0040855087349864179,0.15608939726196386,4061.63914934075,3.8430148893778251e-05,7.1742071952477036e-13,4029.2544274511051,1.7805297045453858e-16,3.8430148893778251e-05,0,1,1,0,,0,0
15,1700,15.675967844828179,4017.2317982547174,0.0039021815598588531,0.1486629586807719,4049.5882928643441,3.6710635237346563e-05,6.1402887101594771e-13,4017.2317982548102,1.5284875303503716e-16,3.6710635237346563e-05,0,1,1,0,,0,0
15,1800,14.942325342784216,4005.6736155490121,0.0037302902774659142,0.14171643688880045,4038.0100094916761,3.5095613075669518e-05,4.7746808981878001e-13,4005.6736155491149,1.1919795161676613e-16,3.5095613075669518e-05,0,1,1,0,,0,0
15,1900,14.256735504875154,3994.5546602973336,0.0035690425384776077,0.13521364096478347,4026.8706756820948,3.357784539278262e-05,6.8473160982522119e-13,3994.5546602974341,1.7141625739431893e-16,3.357784539278262e-05,0,1,1,0,,0,0
15,2000,13.615338787886076,3983.8492349476983,0.0034176340481079535,0.12912077671182984,4016.1439463169804,3.2150435451956478e-05,6.7761759185946914e-13,3983.8492349478006,1.700911736104762e-16,3.2150435451956478e-05,0,1,1,0,,0,0
15,2100,13.014737395704461,3973.5286339359423,0.003275360163395333,0.12340561809760718,4005.8061120303928,3.0806687754305088e-05,6.7545126359225185e-13,3973.5286339360418,1.6998776800638602e-16,3.0806687754305088e-05,0,1,1,0,,0,0
15,2200,12.451573705733637,3963.5709930328517,0.0031415038932369218,0.11803843329399108,3995.834487307061,2.954037102110841e-05,6.9192554619657964e-13,3963.570993032949,1.7457125087776313e-16,2.954037102110841e-05,0,1,1,0,,0,0
15,2300,11.92282019773511,3953.9565504855877,0.0030154150774041413,0.11299231082705354,3986.2075345721614,2.8345817383334249e-05,6.7745737642452893e-13,3953.9565504856837,1.7133657585117206e-16,2.8345817383334249e-05,0,1,1,0,,0,0
15,2400,11.425741434483191,3944.6673799342739,0.0028965031354997459,0.10824260724464113,3976.9084807496947,2.7217776765191265e-05,6.963399784681157e-13,3944.6673799343712,1.7652691885005041e-16,2.7217776765191265e-05,0,1,1,0,,0,0
15,2500,10.95796246392646,3935.6870297780915,0.0027842565684254397,0.10376671549776796,3967.9213064788987,2.6151404597751387e-05,6.5937857455481037e-13,3935.6870297781925,1.6753836612663066e-16,2.6151404597751387e-05,0,1,1,0,,0,0
15,2600,10.517347874577396,3927.0035157126867,0.0026782119833851665,0.099544884447715198,3959.2300931712298,2.5142485307789375e-05,7.2113401625081017e-13,3927.0035157127868,1.8363467548867671e-16,2.5142485307789375e-05,0,1,1,0,,0,0
15,2700,10.101874974306522,3918.6029111025214,0.0025779276960380508,0.095556746201919729,3950.81951016529,2.4186563308208918e-05,7.1864773822842652e-13,3918.6029111026132,1.8339386626602948e-16,2.4186563308208918e-05,0,1,1,0,,0,0
15,2800,9.7094443298152431,3910.4742431146055,0.0024829326895353457,0.091785384560608183,3942.6765010079985,2.3279968452177602e-05,6.0294695600790309e-13,3910.4742431147133,1.5418768121782914e-16,2.3279968452177602e-05,0,1,1,0,,0,0
15,2900,9.3383657650390166,3902.6015962742554,0.0023928565431721722,0.088215466240929047,3934.7893683823995,2.2419361745199239e-05,5.3994383139246592e-13,3902.6015962743609,1.3835484306364404e-16,2.2419361745199239e-05,0,1,1,0,,0,0
15,3000,8.9872279099378556,3894.9715824587233,0.0023073924211443452,0.084833072433648862,3927.1467849080991,2.1601706551855836e-05,6.5238925381493778e-13,3894.9715824588229,1.6749525381725547e-16,2.1601706551855836e-05,0,1,1,0,,0,0
15,3100,8.6546113975463719,3887.575555543724,0.0022262233296545977,0.081624385064794136,3919.7382676546154,2.082393759255622e-05,7.1392187587086581e-13,3887.5755555438172,1.8364192944180558e-16,2.082393759255622e-05,0,1,1,0,,0,0
15,3200,8.3391044346246019,3880.4021794086088,0.0021490309635625242,0.078577744313768863,3912.5538871261615,2.0083491903413904e-05,6.532250942805853e-13,3880.4021794087107,1.683395339140137e-16,2.0083491903413904e-05,0,1,1,0,,0,0
15,3300,8.0395847423300033,3873.4429630022273,0.0020755655418503139,0.075682251529870084,3905.5846754948639,1.9377956904821332e-05,7.1301655477486268e-13,3873.4429630023265,1.8407823778104626e-16,1.9377956904821332e-05,0,1,1,0,,0,0
15,3400,7.7550609200729514,3866.689498769897,0.0020056073606479277,0.072927670142254375,3898.8219233835807,1.8705052853238375e-05,4.7073564494917296e-13,3866.6894987700007,1.2174125827763379e-16,1.8705052853238375e-05,0,1,1,0,,0,0
15,3500,7.4843235816667795,3860.1336363494956,0.0019388768075772262,0.070304563690886238,3892.2576507033746,1.8062669535296929e-05,7.0474939377801514e-13,3860.1336363495852,1.8257124238954481e-16,1.8062669535296929e-05,0,1,1,0,,0,0
15,3600,7.2265656905516762,3853.7677940713861,0.0018751948941160862,0.067805140226670474,3885.884265745944,1.7449088956244154e-05,6.8520398633561952e-13,3853.7677940714852,1.7780105677091279e-16,1.7449088956244154e-05,0,1,1,0,,0,0
15,3700,6.9811404964541683,3847.585577001742,0.0018144211107824848,0.065420378762263295,3879.6947053115618,1.6862249153960083e-05,7.0353112407767118e-13,3847.5855770018452,1.828500263341469e-16,1.6862249153960083e-05,0,1,1,0,,0,0
15,3800,6.7469056786939392,3841.5797456202768,0.0017562841657487334,0.063143021419739209,3873.682282096971,1.6300516361800716e-05,5.9065215080576251e-13,3841.5797456203723,1.5375241174653237e-16,1.6300516361800716e-05,0,1,1,0,,0,0
15,3900,6.5231250159329335,3835.744010752283,0.0017006153167801179,0.060967840565874287,3867.8406165326792,1.5762759278465004e-05,6.3634082041297388e-13,3835.7440107523785,1.6589762471874553e-16,1.5762759278465004e-05,0,1,1,0,,0,0
15,4000,6.309559324545706,3830.0726111084268,0.0016473732916305504,0.058887032103764066,3862.163717549754,1.5247161024319124e-05,5.901390656801609e-13,3830.0726111085182,1.5408038583095165e-16,1.5247161024319124e-05,0,1,1,0,,0,0
15,4100,6.1052774624544446,3824.5597607496884,0.0015963347010840513,0.056895088253879518,3856.6461645747268,1.4752478144479544e-05,5.6780960006530198e-13,3824.5597607497843,1.4846404176829649e-16,1.4752478144479544e-05,0,1,1,0,,0,0
15,4200,5.9096049663364321,3819.2001246061268,0.0015473410068936591,0.054987027280612132,3851.2824168064089,1.4277588950801721e-05,6.3246806592296518e-13,3819.2001246062218,1.6560223221823857e-16,1.4277588950801721e-05,0,1,1,0,,0,0
15,4300,5.7221935811285665,3813.9887520467005,0.0015003173719528842,0.053158050259177581,3846.0675617490156,1.3821403135987485e-05,5.3972095923635142e-13,3813.9887520467942,1.4151089432204218e-16,1.3821403135987485e-05,0,1,1,0,,0,0
15,4400,5.542585975211356,3808.9208871041374,0.0014551591223584844,0.051403066254474002,3840.9965409889255,1.3382742136299729e-05,5.0809288408763093e-13,3808.9208871042329,1.3339549419570992e-16,1.3382742136299729e-05,0,1,1,0,,0,0
15,4500,5.3702312864170167,3803.9919287383905,0.001411735720532424,0.049717966401763472,3836.0648436697415,1.296066892190518e-05,7.0664210329821498e-13,3803.9919287384855,1.8576330248223163e-16,1.296066892190518e-05,0,1,1,0,,0,0
15,4600,5.2046997385413523,3799.1982915629546,0.0013699468517080712,0.048099176463467987,3831.26785930917,1.2554375791449081e-05,6.696238255694245e-13,3799.198291563051,1.7625398154565144e-16,1.2554375791449081e-05,0,1,1,0,,0,0
15,4700,5.0456704629590137,3794.5348586755777,0.0013297204139324009,0.046542897969808115,3826.6013129248581,1.2162985940710167e-05,6.6421809009916777e-13,3794.5348586756791,1.7504598451125702e-16,1.2162985940710167e-05,0,1,1,0,,0,0
15,4800,4.8927834622591693,3789.9977837430206,0.001290972644692956,0.045045773505960958,3822.0611690858354,1.1785728043890792e-05,6.0659869461450119e-13,3789.9977837431238,1.6005251961266446e-16,1.1785728043890792e-05,0,1,1,0,,0,0
15,4900,4.7456800648113999,3785.5830091751336,0.001253619337710803,0.043604691847055031,3817.643610434412,1.1421886455790258e-05,6.6492810869094011e-13,3785.5830091752305,1.7564747809764942e-16,1.1421886455790258e-05,0,1,1,0,,0,0
15,5000,4.6040893667625262,3781.2868003311792,0.0012175985609870384,0.042216808742209143,3813.3450300830218,1.1070807495562504e-05,6.9073631532676639e-13,3781.2868003312774,1.8267228903828485e-16,1.1070807495562504e-05,0,1,1,0,,0,0
15,5100,4.4676948229468767,3777.1056283897665,0.0011828355525369614,0.040879465740720752,3809.1618946345807,1.0731879314003898e-05,6.7346767442483344e-13,3777.105628389867,1.7830257892785602e-16,1.0731879314003898e-05,0,1,1,0,,0,0
15,5200,4.3362307377055078,3773.0360922231998,0.0011492682899702808,0.039590210207534261,3805.0907328171015,1.0404537759398872e-05,7.0685860280195081e-13,3773.0360922232949,1.8734477633513124e-16,1.0404537759398872e-05,0,1,1,0,,0,0
15,5300,4.2094791742417073,3769.0749225888017,0.0011168467755876851,0.03834665852146843,3801.1281466396727,1.00882309256972e-05,5.9225956904141526e-13,3769.0749225889017,1.571365868828641e-16,1.00882309256972e-05,0,1,1,0,,0,0
15,5400,4.0872117242332937,3765.2190365913725,0.0010855176510350959,0.037146630522268138,3797.2709657212836,9.7824545199955769e-06,2.3637884269449511e-13,3765.2190365914721,6.2779572820942978e-17,9.7824545199955769e-06,0,1,1,0,,0,0
15,5500,3.9692061800566201,3761.4656107293572,0.0010552286238466983,0.035988099514310319,3793.5161149410992,9.4867395903678918e-06,5.9783500565683027e-13,3761.4656107294627,1.5893671975932058e-16,9.4867395903678918e-06,0,1,1,0,,0,0
15,5600,3.8552507434638041,3757.8114346132447,0.0010259298026380581,0.034869181006348962,3789.8606856184483,9.2006498124505168e-06,6.8874430559306109e-13,3757.8114346133316,1.8328335989640497e-16,9.2006498124505168e-06,0,1,1,0,,0,0
15,5700,3.7451687203567783,3754.2537320451443,0.00099758007520620701,0.033788070691828119,3786.3018302704472,8.9237657763313376e-06,6.2852689531125733e-13,3754.2537320452448,1.674172658992998e-16,8.9237657763313376e-06,1,1,1,1,,0,0
16,100,82.334593762358978,3729.489485142115,0.022076639199646801,0.43357742874121397,3758.6672767386813,0.0001153540329106811,6.6704276328969367e-13,3729.4894851422209,1.7885631959738761e-16,0.0001153540329106811,0,1,1,0,,0,0
16,200,29.109193972264812,3726.7556375303279,0.0078108673611761393,0.24942488615042477,3756.2568806294007,6.64025102853538e-05,6.6079570133314829e-13,3726.7556375304266,1.7731125021414912e-16,6.64025102853538e-05,0,1,1,0,,0,0
16,300,22.559461053581494,3724.0578656159214,0.0060577632968252465,0.2084020506888461,3753.8400887510707,5.5517029431635416e-05,6.2967144805183912e-13,3724.0578656160219,1.6908207948795684e-16,5.5517029431635416e-05,0,1,1,0,,0,0
16,400,19.333810610271957,3721.0911131672715,0.0051957369551791617,0.18209308289265291,3751.0723361525293,4.8544273896734708e-05,5.6151663315818015e-13,3721.0911131673734,1.5090107070241021e-16,4.8544273896734708e-05,0,1,1,0,,0,0
16,500,16.991630860428661,3717.9354572529091,0.004570179083469985,0.16143917660918633,3748.0718736740514,4.3072593602890383e-05,6.7434826872328209e-13,3717.9354572530137,1.8137707781014639e-16,4.3072593602890383e-05,0,1,1,0,,0,0
16,600,15.110157297262663,3714.7218260027998,0.004067641671441611,0.14429807604079689,3744.9630925417418,3.8531241156467694e-05,6.8456726510466312e-13,3714.7218260029063,1.842849336154108e-16,3.8531241156467694e-05,0,1,1,0,,0,0
16,700,13.544144050408494,3711.5066042481267,0.0036492307557545768,0.12986598335691357,3741.8240112828998,3.4706598430423904e-05,6.667017766242493e-13,3711.5066042482326,1.7963103604911678e-16,3.4706598430423904e-05,0,1,1,0,,0,0
16,800,12.244185072046939,3708.3231969509397,0.0033018117412512379,0.11792450277893961,3738.7002202320227,3.154157750888656e-05,6.6338387127809777e-13,3708.3231969510366,1.7889052168471412e-16,3.154157750888656e-05,0,1,1,0,,0,0
16,900,11.171167816667694,3705.1906343986298,0.003015004872611859,0.10789493534833743,3735.6171046092009,2.8882760820216553e-05,6.3854438594261836e-13,3705.1906343987312,1.7233779552782435e-16,2.8882760820216553e-05,0,1,1,0,,0,0
16,1000,10.258886802397837,3702.1214921423461,0.0027710832354292127,0.099259189096055911,3732.5895216341664,2.6592580973811234e-05,6.4975856726295911e-13,3702.1214921424425,1.7550979043827638e-16,2.6592580973811234e-05,0,1,1,0,,0,0
16,1100,9.4668943314654435,3699.1228693875014,0.0025592267858442251,0.091711074338004697,3729.6267276434573,2.4589880177084586e-05,6.6294382686232908e-13,3699.1228693876023,1.7921649273901541e-16,2.4589880177084586e-05,0,1,1,0,,0,0
16,1200,8.771938824006428,3696.1984559586708,0.0023732326411924978,0.085052444657374549,3726.7330549494613,2.2822253003717744e-05,6.5505783323284482e-13,3696.1984559587713,1.7722474619207826e-16,2.2822253003717744e-05,0,1,1,0,,0,0
16,1300,8.1571173617348816,3693.3496440093172,0.0022085960301554118,0.079143723988473622,3723.9108082833254,2.125285165596054e-05,5.9869757467064487e-13,3693.3496440094164,1.6210151552851963e-16,2.125285165596054e-05,0,1,1,0,,0,0
16,1400,7.611264126669127,3690.5764570175402,0.0020623510216666819,0.073882035096013293,3721.160587760688,1.9854567776252263e-05,6.7930643907811059e-13,3690.5764570176475,1.8406513101399278e-16,1.9854567776252263e-05,0,1,1,0,,0,0
16,1500,7.1256373600250704,3687.8793294705588,0.0019321774720454437,0.069187253773102392,3718.4821861112955,1.8606315778927222e-05,7.2144732357360417e-13,3687.8793294706566,1.9562660790128342e-16,1.8606315778927222e-05,0,1,1,0,,0,0
16,1600,6.6911165741812191,3685.2559030385364,0.0018156450325917165,0.064966803702770165,3715.8752292923455,1.7483580500936923e-05,5.582547941933568e-13,3685.255903038641,1.5148331863007218e-16,1.7483580500936923e-05,0,1,1,0,,0,0
16,1700,6.2944480868362778,3682.7048716715381,0.0017091915605985822,0.061101107234633772,3713.338212254454,1.6454495589169043e-05,4.211064342874918e-13,3682.7048716716317,1.1434704896576348e-16,1.6454495589169043e-05,0,1,1,0,,0,0
16,1800,5.9283270637880303,3680.2242149022704,0.001610860294810994,0.057527688806451732,3710.8699322386378,1.5502480511826317e-05,5.2707924046747629e-13,3680.2242149023691,1.432193284129725e-16,1.5502480511826317e-05,0,1,1,0,,0,0
16,1900,5.5883867427307843,3677.8119988928452,0.0015194867884527788,0.054207905063967672,3708.4689776557966,1.461732736355089e-05,6.7667209990830511e-13,3677.8119988929452,1.8398768074931223e-16,1.461732736355089e-05,0,1,1,0,,0,0
16,2000,5.2716178229637896,3675.4664538438378,0.001434271782687795,0.051113750059210643,3706.133519903809,1.3791664489340167e-05,6.688946932556809e-13,3675.4664538439397,1.8198906224708591e-16,1.3791664489340167e-05,0,1,1,0,,0,0
16,2100,4.9758084017891884,3673.185610156926,0.0013546302664451011,0.048223534399421904,3703.8617457667915,1.3019798715364423e-05,5.9062085060902086e-13,3673.185610157032,1.6079254175880627e-16,1.3019798715364423e-05,0,1,1,0,,0,0
16,2200,4.69914544006292,3670.9677062308551,0.0012800835681792855,0.045519994007751245,3701.652044039768,1.2297210398542314e-05,6.678296809322528e-13,3670.9677062309456,1.8192197109190224e-16,1.2297210398542314e-05,0,1,1,0,,0,0
16,2300,4.4401033208465499,3668.8108572357537,0.0012102295521966271,0.042988970272622398,3699.5026712746376,1.1620202522467933e-05,2.9235211053781941e-13,3668.8108572358551,7.9685795183805823e-17,1.1620202522467933e-05,0,1,1,0,,0,0
16,2400,4.1974415677782773,3666.7130395512436,0.0011447423134841191,0.040617208011218611,3697.4118336088809,1.0985308058468008e-05,5.8987458996559479e-13,3666.7130395513477,1.6087285358926554e-16,1.0985308058468008e-05,0,1,1,0,,0,0
16,2500,3.9699296295312068,3664.6727238281305,0.0010832971805963081,0.03839313013595344,3695.3778579217083,1.0389500509034779e-05,5.4304625515672598e-13,3664.6727238282215,1.4818410703519642e-16,1.0389500509034779e-05,0,1,1,0,,0,0
16,2600,3.7566048319995913,3662.6882180220982,0.0010256414437667342,0.036306922940340006,3693.3991668169033,9.8302190747583197e-06,4.3025419466498566e-13,3662.6882180222005,1.1746951120434618e-16,9.8302190747583197e-06,0,1,1,0,,0,0
16,2700,3.5565156400996472,3660.7577997122426,0.00097152443146585944,0.034349236797666161,3691.4741245997739,9.3050189811069777e-06,5.0711928599509023e-13,3660.7577997123481,1.385284997644308e-16,9.3050189811069777e-06,1,1,1,1,,0,0
17,100,82.512124446000925,3618.0005660060087,0.022806000977796389,0.45088606967868372,3646.9189692546352,0.00012363479240418571,6.7889187415454914e-13,3618.0005660060961,1.876428324896523e-16,0.00012363479240418571,0,1,1,0,,0,0
17,200,33.27176992399481,3597.6696029768286,0.0092481449370627779,0.28298925932109786,3626.810304502339,7.8027036310609823e-05,6.0590557433002658e-13,3597.6696029769241,1.6841612521301694e-16,7.8027036310609823e-05,0,1,1,0,,0,0
17,300,26.970077369104608,3580.7557410066775,0.0075319511633380395,0.24378478766130893,3609.960241705196,6.7531155840695655e-05,6.8986503902601225e-13,3580.7557410067757,1.9265906108190664e-16,6.7531155840695655e-05,0,1,1,0,,0,0
17,400,23.951869455944962,3565.9003620684957,0.0067169205597351692,0.22058961693858711,3595.008739803759,6.1359966805151202e-05,5.5665916432698923e-13,3565.9003620685894,1.5610620258723932e-16,6.1359966805151202e-05,0,1,1,0,,0,0
17,500,21.84543249105257,3552.3656830278705,0.0061495449625086299,0.20281351951193269,3581.3437609699649,5.6630564684190783e-05,5.0292669334650597e-13,3552.3656830279615,1.4157514688009874e-16,5.6630564684190783e-05,0,1,1,0,,0,0
17,600,20.149477055907642,3539.7833339429571,0.005692291068409315,0.18787075646612189,3568.6977808492225,5.2644064586891234e-05,5.7535238441488827e-13,3539.7833339430454,1.6253887035904825e-16,5.2644064586891234e-05,0,1,1,0,,0,0
17,700,18.699791891847887,3528.0732080877124,0.0053002845431270275,0.1749109398974186,3556.9258087215489,4.9174750698633804e-05,5.155419302655599e-13,3528.073208087801,1.4612563284790262e-16,4.9174750698633804e-05,0,1,1,0,,0,0
17,800,17.437460472976518,3517.1016454205383,0.0049579063191651168,0.16349264402519137,3545.903048537692,4.6107477217295802e-05,5.9766553236353481e-13,3517.1016454206369,1.6993126517731205e-16,4.6107477217295802e-05,0,1,1,0,,0,0
17,900,16.313785956573515,3506.7326135603457,0.004652132841120816,0.15314925197548848,3535.5245918984342,4.3317263957497609e-05,4.5808881539525234e-13,3506.7326135604494,1.3063123593279798e-16,4.3317263957497609e-05,0,1,1,0,,0,0
17,1000,15.292083050747125,3496.9384958667129,0.0043729917094115197,0.14369118848327361,3525.7062160260762,4.0755292607797609e-05,6.051145573656401e-13,3496.9384958668097,1.7304123537798918e-16,4.0755292607797609e-05,0,1,1,0,,0,0
17,1100,14.359481263702357,3487.648940780844,0.0041172381473943403,0.13503016183834174,3516.3931466971831,3.8400189115705258e-05,4.5797184522743421e-13,3487.6489407809368,1.313124838547791e-16,3.8400189115705258e-05,0,1,1,0,,0,0
17,1200,13.507003748290913,3478.7965870639141,0.0038826655742153502,0.12708863590962557,3507.5286757679346,3.6233099614446036e-05,4.1602795698442857e-13,3478.7965870640064,1.1958961858576013e-16,3.6233099614446036e-05,0,1,1,0,,0,0
17,1300,12.726347440510771,3470.3546447215995,0.0036671604903168939,0.11979712760416901,3499.0742707859845,3.423680617595448e-05,4.996385351621873e-13,3470.3546447216941,1.4397333595922902e-16,3.423680617595448e-05,0,1,1,0,,0,0
17,1400,12.010144715767904,3462.2823572699072,0.0034688518949211847,0.11309290339522736,3490.9981305561573,3.2395578331979892e-05,5.9874866261582557e-13,3462.2823572700049,1.7293467165050523e-16,3.2395578331979892e-05,0,1,1,0,,0,0
17,1500,11.352152148686018,3454.5570375335342,0.0032861382878747215,0.10691908600445911,3483.2693898409302,3.0695037919344439e-05,6.501722776361559e-13,3454.5570375336288,1.8820713352596563e-16,3.0695037919344439e-05,0,1,1,0,,0,0
17,1600,10.746262636656835,3447.1528769644156,0.0031174314050498573,0.10122249649687355,3475.862164790989,2.9121550768673901e-05,6.3654247989947382e-13,3447.1528769645138,1.846574557668005e-16,2.9121550768673901e-05,0,1,1,0,,0,0
17,1700,10.187180267091462,3440.0521018014838,0.0029613447603763464,0.095955862571383707,3468.7536681735069,2.7662922118626499e-05,5.4583191972717375e-13,3440.0521018015743,1.5866966649758548e-16,2.7662922118626499e-05,0,1,1,0,,0,0
17,1800,9.670183603302549,3433.2353710241664,0.0028166386973980878,0.091077169302145253,3461.9236947834615,2.6308254407624083e-05,6.2549952713645347e-13,3433.2353710242619,1.8218952665335138e-16,2.6308254407624083e-05,0,1,1,0,,0,0
17,1900,9.1911388657579494,3426.6828833706886,0.002682226274967411,0.086548711945303461,3455.3550337775437,2.5047704533760937e-05,4.4616683640352696e-13,3426.6828833707814,1.3020371350051472e-16,2.5047704533760937e-05,0,1,1,0,,0,0
17,2000,8.7463484179017463,3420.37283758175,0.0025571330475438851,0.082336818296391334,3449.0300388616306,2.3872456130758145e-05,6.4482841876972903e-13,3420.3728375818432,1.8852576879472997e-16,2.3872456130758145e-05,0,1,1,0,,0,0
17,2100,8.3325489928209127,3414.2875581064709,0.0024404942029669168,0.078411699894940776,3442.9323077231629,2.2774685322464277e-05,5.7482825143855562e-13,3414.2875581065618,1.6835964799559361e-16,2.2774685322464277e-05,0,1,1,0,,0,0
17,2200,7.9468142383025446,3408.415846585649,0.0023315271950349594,0.074747060109259494,3437.0499564211073,2.1747446518668374e-05,5.8955204516617584e-13,3408.4158465857381,1.7296951771795659e-16,2.1747446518668374e-05,0,1,1,0,,0,0
17,2300,7.5866408403301984,3402.7521798372036,0.0022295602028512,0.071318959963955639,3431.372802855708,2.078438108054057e-05,5.1551426955763436e-13,3402.7521798372959,1.5149921073073383e-16,2.078438108054057e-05,0,1,1,0,,0,0
17,2400,7.2496544031997709,3397.2790138448513,0.002133959081269282,0.068106080051034676,3425.888655735977,1.987982882543612e-05,6.5077914370857866e-13,3397.2790138449423,1.9155893320991779e-16,1.987982882543612e-05,0,1,1,0,,0,0
17,2500,6.9337798377769584,3391.9866381050192,0.0020441648442490953,0.065089804786639824,3420.5873347777069,1.9028838739142966e-05,5.3887563771916704e-13,3391.9866381051152,1.5886726429447323e-16,1.9028838739142966e-05,0,1,1,0,,0,0
17,2600,6.6372194128990714,3386.8669041323537,0.0019596930144497047,0.062253527967464833,3415.4596086366541,1.8226984096091981e-05,6.1705138908009559e-13,3386.8669041324465,1.8218944131734479e-16,1.8226984096091981e-05,0,1,1,0,,0,0
17,2700,6.3583579296812607,3381.9112008744783,0.0018801078893015131,0.059582403333104078,3410.4974226083618,1.7470297129717583e-05,6.4657249348944353e-13,3381.9112008745733,1.911855324061252e-16,1.7470297129717583e-05,0,1,1,0,,0,0
17,2800,6.0958448620092689,3377.1138112140538,0.001805045729216288,0.057063174477248194,3405.6928521816617,1.6755232181520403e-05,5.0431761292545584e-13,3377.1138112141489,1.4933391088295667e-16,1.6755232181520403e-05,0,1,1,0,,0,0
17,2900,5.8484740228855969,3372.4683374460838,0.0017341820404797492,0.054684659808897404,3401.0392846674913,1.6078808632239528e-05,4.4966129581489652e-13,3372.4683374461742,1.3333299258056362e-16,1.6078808632239528e-05,0,1,1,0,,0,0
17,3000,5.6150803006282777,3367.9674632909628,0.0016672014684909039,0.052435561363224796,3396.5301533022416,1.5437979054078134e-05,6.2209412222805939e-13,3367.9674632910583,1.8470906533644808e-16,1.5437979054078134e-05,0,1,1,0,,0,0
17,3100,5.3944973456246048,3363.6039106252829,0.0016037849547575849,0.050306408815700268,3392.1594341125192,1.4830201761687475e-05,6.1318581086497426e-13,3363.6039106253766,1.8230024317903947e-16,1.4830201761687475e-05,0,1,1,0,,0,0
17,3200,5.1858390865098158,3359.3716612534099,0.0015436931692681291,0.048289029353748021,3387.9210636418111,1.4253292342602641e-05,6.0086668692340155e-13,3359.371661253504,1.7886281945332489e-16,1.4253292342602641e-05,0,1,1,0,,0,0
17,3300,4.9882871297788318,3355.2650378898165,0.0014867043507585471,0.046375808493638378,3383.8094116606158,1.3705207017223613e-05,5.2093758350264547e-13,3355.2650378899111,1.5525974181469053e-16,1.3705207017223613e-05,0,1,1,0,,0,0
17,3400,4.8011974879440347,3351.2795236217175,0.0014326460846081246,0.044560067213493197,3379.8192751180291,1.3184156780671974e-05,6.3069524332853735e-13,3351.2795236218158,1.8819535609698364e-16,1.3184156780671974e-05,0,1,1,0,,0,0
17,3500,4.6237354765662273,3347.4103769054118,0.0013812873104733405,0.042834488773892586,3375.9460599964482,1.2688143712206602e-05,6.1269967261028189e-13,3347.4103769054973,1.8303691618972938e-16,1.2688143712206602e-05,0,1,1,0,,0,0
17,3600,4.4551814851370697,3343.653408279491,0.0013324292147341688,0.041194070577530641,3372.1850757080401,1.2215839182219658e-05,5.6988321634127755e-13,3343.6534082795815,1.7043728722903161e-16,1.2215839182219658e-05,0,1,1,0,,0,0
17,3700,4.2950777338402037,3340.0044473056632,0.0012859497050385622,0.03963324119946221,3368.5322715621887,1.1765729998805064e-05,6.2641586389593565e-13,3340.0044473057615,1.8754941012166572e-16,1.1765729998805064e-05,0,1,1,0,,0,0
17,3800,4.1429420059765434,3336.4592131604504,0.001241718163265708,0.038147322097198004,3364.9837166954544,1.1336554738119257e-05,6.4391534435764321e-13,3336.4592131605441,1.9299362084743676e-16,1.1336554738119257e-05,0,1,1,0,,0,0
17,3900,3.9981422078013278,3333.0140735539621,0.0011995575534843588,0.036730905707921223,3361.5356582093782,1.0926823167327943e-05,5.9546874436801778e-13,3333.0140735540622,1.7865773477909653e-16,1.0926823167327943e-05,0,1,1,0,,0,0
17,4000,3.860155121673265,3329.6656188924476,0.001159322155285153,0.035380725487954234,3358.1848395685433,1.0535669469730534e-05,2.1052526770346447e-13,3329.6656188925422,6.3227150050426345e-17,1.0535669469730534e-05,0,1,1,0,,0,0
17,4100,3.72875972227446,3326.4105867753415,0.0011209559448550096,0.034092495512031494,3354.9279291666271,1.0161915913496288e-05,5.9944671771425088e-13,3326.4105867754301,1.8020827618136734e-16,1.0161915913496288e-05,0,1,1,0,,0,0
17,4200,3.6035163682601841,3323.2458232142817,0.0010843363867602252,0.032861874124592801,3351.7614919701364,9.8043593505446225e-06,6.2606869516052574e-13,3323.2458232143804,1.8839072655629377e-16,9.8043593505446225e-06,0,1,1,0,,0,0
17,4300,3.4837949678732167,3320.1686819830552,0.0010492825219327205,0.031686264082994756,3348.6825495062903,9.4623075237951084e-06,6.6432433767690661e-13,3320.1686819831484,2.0008752605909871e-16,9.4623075237951084e-06,0,1,1,0,,0,0
17,4400,3.3694415320288749,3317.1761116919788,0.001015755998046856,0.030562585330361401,3345.6883871018522,9.1349168823327692e-06,5.7528282268112796e-13,3317.1761116920743,1.7342546892624256e-16,9.1349168823327692e-06,0,1,1,0,,0,0
17,4500,3.2603134786647194,3314.2653321804746,0.00098372132339800923,0.02948676726162772,3342.7762501156099,8.8210412708920984e-06,5.3356067855810931e-13,3314.2653321805665,1.6098912581843948e-16,8.8210412708920984e-06,1,1,1,1,,0,0
18,100,73.365648237501759,3290.6764050550164,0.022295005405210958,0.38024173600794453,3317.9011195405865,0.00011460309463972053,5.9785801911849069e-13,3290.6764050551319,1.8168240979272898e-16,0.00011460309463972053,0,1,1,0,,0,0
18,200,25.179950894015327,3289.2031860107104,0.0076553345810645018,0.21171570915487731,3316.6121983259295,6.3834930493755491e-05,3.7149636191173736e-13,3289.2031860108195,1.1294418158529515e-16,6.3834930493755491e-05,0,1,1,0,,0,0
18,300,18.847546234013254,3287.9259915687189,0.0057323511181043363,0.17168015519552904,3315.400883494342,5.1782623347371143e-05,5.1778895197353032e-13,3287.9259915688335,1.5748193642475127e-16,5.1782623347371143e-05,0,1,1,0,,0,0
18,400,15.80049187999829,3286.3052288706567,0.004807980628576047,0.14786154804300514,3313.8268597976812,4.4619575583991894e-05,6.3446080749313691e-13,3286.30522887077,1.9306204485185582e-16,4.4619575583991894e-05,0,1,1,0,,0,0
18,500,13.725645968922477,3284.417738778739,0.0041790195585857939,0.12984429563672092,3311.9686462326968,3.9204566681033173e-05,5.5892798633368137e-13,3284.4177387788495,1.7017566911007231e-16,3.9204566681033173e-05,0,1,1,0,,0,0
18,600,12.08469311962449,3282.3459144071671,0.0036817244235536756,0.11504569934126854,3309.9304352367144,3.47577393520178e-05,4.9342210064646521e-13,3282.3459144072754,1.5032605140143104e-16,3.47577393520178e-05,0,1,1,0,,0,0
18,700,10.726249190242383,3280.171306913408,0.0032700271378008068,0.10260263477083777,3307.7935483887072,3.101845180779725e-05,5.9580187310881048e-13,3280.1713069135262,1.8163742602499308e-16,3.101845180779725e-05,0,1,1,0,,0,0
18,800,9.5886253829611885,3277.9577631014845,0.0029251827131197626,0.092127644023786023,3305.608587132378,2.7870100647247815e-05,5.0832944895485427e-13,3277.9577631016082,1.5507504540689147e-16,2.7870100647247815e-05,0,1,1,0,,0,0
18,900,8.6470590889252108,3275.7348917615432,0.0026397310449855151,0.083475735553314487,3303.4063410417966,2.5269593545367086e-05,6.029738221989241e-13,3275.7348917616623,1.8407283926284092e-16,2.5269593545367086e-05,0,1,1,0,,0,0
18,1000,7.8734249247268062,3273.5190509024137,0.0024051868348089595,0.076238970218710511,3301.209375543729,2.3094254724801723e-05,5.2405653669135473e-13,3273.5190509025233,1.6008965536549118e-16,2.3094254724801723e-05,0,1,1,0,,0,0
18,1100,7.2191395444289732,3271.324660074049,0.0022067939732602275,0.070032214917359281,3299.0318866163316,2.1228110950206112e-05,6.5320733221143961e-13,3271.3246600741631,1.9967670594841875e-16,2.1228110950206112e-05,0,1,1,0,,0,0
18,1200,6.6533609149363757,3269.1618304166805,0.0020351886079889633,0.064621220105376187,3296.8853708716983,1.9600687569034377e-05,5.4397470364032094e-13,3269.1618304167932,1.6639577110533201e-16,1.9600687569034377e-05,0,1,1,0,,0,0
18,1300,6.1578069158652911,3267.0367166794163,0.0018848294187902561,0.059852140494398097,3294.7753715690874,1.8165772699063977e-05,5.225466737813361e-13,3267.0367166795286,1.5994514879907117e-16,1.8165772699063977e-05,0,1,1,0,,0,0
18,1400,5.7210765199726774,3264.9546198688377,0.00175226831183415,0.055625306632703202,3292.7061254762648,1.6893492620650265e-05,6.130257963886008e-13,3264.9546198689522,1.8775936200093532e-16,1.6893492620650265e-05,0,1,1,0,,0,0
18,1500,5.3339863620775123,3262.9178323040537,0.0016347289868194471,0.051865795933816759,3290.6807612299303,1.576141828915404e-05,5.7476263603129657e-13,3262.9178323041642,1.761498957592255e-16,1.576141828915404e-05,0,1,1,0,,0,0
18,1600,4.9902974571962311,3260.9274288527608,0.0015303307313870172,0.048515531577846202,3288.7008898007489,1.4752187323665543e-05,6.0245823144398539e-13,3260.9274288528773,1.8475057927183525e-16,1.4752187323665543e-05,0,1,1,0,,0,0
18,1700,4.6846481884882412,3258.9847444717439,0.0014374563110290306,0.045522944117069163,3286.7674443723226,1.3850369667928461e-05,5.8664759248344689e-13,3258.9847444718539,1.800093091808928e-16,1.3850369667928461e-05,0,1,1,0,,0,0
18,1800,4.4080370900891568,3257.0902953356731,0.0013533665604548025,0.042806462428046449,3284.8809468735617,1.3031358859074692e-05,5.2151906230357313e-13,3257.0902953357786,1.6011808547352811e-16,1.3031358859074692e-05,0,1,1,0,,0,0
18,1900,4.1535067576044131,3255.2434642544258,0.0012759435056743824,0.040304356708052533,3283.041621083536,1.227652931635709e-05,5.0227159467696771e-13,3255.2434642545377,1.5429616868672208e-16,1.227652931635709e-05,0,1,1,0,,0,0
18,2000,3.9175319733930181,3253.4440928747049,0.0012041184239104392,0.037984142493862116,3281.2491713403906,1.1576122540655939e-05,6.0788769410703974e-13,3253.4440928748231,1.8684436454228271e-16,1.1576122540655939e-05,0,1,1,0,,0,0
18,2100,3.6977978166996621,3251.6912933023273,0.0011371921511479897,0.035823583378432458,3279.5028217089839,1.0923479968150906e-05,5.2693259471210934e-13,3251.6912933024432,1.6204877621606953e-16,1.0923479968150906e-05,0,1,1,0,,0,0
18,2200,3.4925890165672642,3249.9846638557901,0.0010746478453912602,0.033806680367774018,3277.8018781985056,1.0313826650912262e-05,5.5466755862799977e-13,3249.9846638559034,1.7066774646558529e-16,1.0313826650912262e-05,0,1,1,0,,0,0
18,2300,3.3006302494734716,3248.32313085539,0.0010161028064361033,0.031920692979724448,3276.1455371752722,9.7433684241167165e-06,5.8296272557124872e-13,3248.3231308554969,1.7946574342735304e-16,9.7433684241167165e-06,0,1,1,0,,0,0
18,2400,3.1209208915133528,3246.7056108472343,0.0009612577380241575,0.030154966300778775,3274.5328406876679,9.2089368981396705e-06,5.1112964268144629e-13,3246.7056108473421,1.5743023974016818e-16,9.2089368981396705e-06,1,1,1,1,,0,0
19,100,68.456464793699297,3212.0680655425217,0.021312270909843539,0.36414303093512268,3238.464563193821,0.00011244311118105906,5.1360009685782581e-13,3212.0680655426377,1.598970153738195e-16,0.00011244311118105906,0,1,1,0,,0,0
19,200,26.445472947543472,3196.3798483437927,0.0082735701644615928,0.22260502013365854,3222.7856167462924,6.907223954859257e-05,5.6776877053614548e-13,3196.37984834391,1.7762869166826796e-16,6.907223954859257e-05,0,1,1,0,,0,0
19,300,21.145788059190583,3183.1185492338072,0.0066431041546600525,0.19040142963335777,3209.5620068274457,5.9323181551978733e-05,5.1880726811173012e-13,3183.1185492339159,1.6298710214126079e-16,5.9323181551978733e-05,0,1,1,0,,0,0
19,400,18.758681528172886,3171.1179843657742,0.0059154789007084627,0.1725189111861789,3197.6299749209343,5.3952118456246542e-05,4.3031603738749764e-13,3171.1179843658883,1.356985263585346e-16,5.3952118456246542e-05,0,1,1,0,,0,0
19,500,17.17852890342996,3160.0732030673375,0.005436117393342519,0.15919232733034192,3186.672952611174,4.9955652712933411e-05,5.8284971020026131e-13,3160.0732030674535,1.8444183813036185e-16,4.9955652712933411e-05,0,1,1,0,,0,0
19,600,15.911415017886259,3149.8445316578122,0.005051492179365384,0.14808235974186557,3176.4997673874295,4.6618092424309735e-05,5.3605043852118089e-13,3149.8445316579191,1.7018314178161389e-16,4.6618092424309735e-05,0,1,1,0,,0,0
19,700,14.829040571266043,3140.3242866388205,0.0047221367023652172,0.13836959279712327,3166.9725180102987,4.369144096143158e-05,4.992927585254262e-13,3140.3242866389401,1.5899401238584013e-16,4.369144096143158e-05,0,1,1,0,,0,0
19,800,13.875155838596772,3131.3413184319738,0.0044310582678814417,0.12970315496069004,3157.9654592027182,4.1071745918790324e-05,5.7324138899846684e-13,3131.3413184320902,1.8306576342354701e-16,4.1071745918790324e-05,0,1,1,0,,0,0
19,900,13.021785536876351,3122.8255935719048,0.0041698728112388632,0.12186731934783636,3149.4317300493462,3.8695018591791133e-05,5.4708412686134064e-13,3122.8255935720126,1.7518881873757284e-16,3.8695018591791133e-05,0,1,1,0,,0,0
19,1000,12.248898668731549,3114.7244295739602,0.0039325786103032506,0.11472325787787861,3141.3087890157999,3.6520847068276418e-05,5.9077204831944636e-13,3114.7244295740711,1.896707274358241e-16,3.6520847068276418e-05,0,1,1,0,,0,0
19,1100,11.544942428451355,3106.9839908260378,0.0037158036419048172,0.10818918954211562,3133.5588681206164,3.4525979595527171e-05,4.9797896595500505e-13,3106.9839908261524,1.6027728737108542e-16,3.4525979595527171e-05,0,1,1,0,,0,0
19,1200,10.901528585134789,3099.5710912241389,0.0035171087432065836,0.10219890067898015,3126.1393042885652,3.2691729552416149e-05,6.0926661842890706e-13,3099.5710912242471,1.9656481509777638e-16,3.2691729552416149e-05,0,1,1,0,,0,0
19,1300,10.312080773202196,3092.4573730870725,0.0033345910805257345,0.096695075162078134,3119.0250592284933,3.1001698712223926e-05,6.1517089928070931e-13,3092.4573730871853,1.9892623407985319e-16,3.1001698712223926e-05,0,1,1,0,,0,0
19,1400,9.7707087169263183,3085.6304374452666,0.0031665194244764878,0.091626746362276246,3112.1981427481473,2.9441167354906129e-05,5.7430573968328402e-13,3085.6304374453821,1.8612265834360782e-16,2.9441167354906129e-05,0,1,1,0,,0,0
19,1500,9.2723318771979848,3079.0696856391769,0.0030114069585512361,0.086949140073787942,3105.6320939483821,2.7997244182019036e-05,2.77642078342735e-13,3079.0696856392915,9.0170768020500191e-17,2.7997244182019036e-05,0,1,1,0,,0,0
19,1600,8.812359773791302,3072.7521583514858,0.0028679045102417513,0.08262078958038066,3099.3096369907053,2.6657804239463423e-05,4.1923329525178003e-13,3072.7521583515986,1.3643576626000352e-16,2.6657804239463423e-05,0,1,1,0,,0,0
19,1700,8.3866758571814106,3066.6572488880706,0.0027347940041953854,0.078606394525481876,3093.2142154928065,2.5412528538039974e-05,5.3886296123583667e-13,3066.6572488881884,1.7571672264032785e-16,2.5412528538039974e-05,0,1,1,0,,0,0
19,1800,7.9917451911166681,3060.7733679517701,0.0026110215394564286,0.07487521352490234,3087.3297685655721,2.4252418477372659e-05,3.7057788512351395e-13,3060.7733679518847,1.2107328461613152e-16,2.4252418477372659e-05,0,1,1,0,,0,0
19,1900,7.624562118827007,3055.0910156331092,0.00249569066185315,0.071399491161924969,3081.6478543501585,2.3169257013300539e-05,5.7662271403071991e-13,3055.0910156332225,1.8874158284649482e-16,2.3169257013300539e-05,0,1,1,0,,0,0
19,2000,7.2823932169106182,3049.5965726298491,0.0023879857690916068,0.06815436097491856,3076.1551436631248,2.2155696898225841e-05,5.7228677058493351e-13,3049.5965726299701,1.8765982875282213e-16,2.2155696898225841e-05,0,1,1,0,,0,0
19,2100,6.9628941219929752,3044.2823205469276,0.002287203809908813,0.06511887647060674,3070.8409090086357,2.1205551964471245e-05,3.8282359629603167e-13,3044.282320547049,1.2575167346083701e-16,2.1205551964471245e-05,0,1,1,0,,0,0
19,2200,6.6640736090061061,3039.144745330364,0.0021927463702561168,0.062273914743452431,3065.6979760454547,2.0313127786900134e-05,4.5701631498293316e-13,3039.1447453304836,1.5037662016102368e-16,2.0313127786900134e-05,0,1,1,0,,0,0
19,2300,6.3840827510298999,3034.1667854684601,0.0021040645430584759,0.059602924308101525,3060.7163461859473,1.9473521086779101e-05,5.0262079756200045e-13,3034.1667854685738,1.6565364829948841e-16,1.9473521086779101e-05,0,1,1,0,,0,0
19,2400,6.121336779308173,3029.3412354115744,0.0020206824862622355,0.057091350186405904,3055.8891189213632,1.8682402392452456e-05,4.980865929258985e-13,3029.3412354116949,1.6442076155154812e-16,1.8682402392452456e-05,0,1,1,0,,0,0
19,2500,5.8742568478280539,3024.6622349252252,0.0019421199431788043,0.054724385105105647,3051.2085866873399,1.7935314335398893e-05,4.6804549710781351e-13,3024.6622349253325,1.547430624495392e-16,1.7935314335398893e-05,0,1,1,0,,0,0
19,2600,5.6414063570281501,3020.1272301549861,0.0018679366553503263,0.05249037296536118,3046.6687493153099,1.7228775848098862e-05,5.6729435331161898e-13,3020.1272301550944,1.878378988962284e-16,1.7228775848098862e-05,0,1,1,0,,0,0
19,2700,5.4216285448892814,3015.7290759095799,0.001797783689588911,0.050379646222819145,3042.2647185561787,1.6559915353693713e-05,5.7037453526123357e-13,3015.7290759096941,1.8913321485590683e-16,1.6559915353693713e-05,0,1,1,0,,0,0
19,2800,5.2139842177189246,3011.4615216606976,0.0017313799894888332,0.048382750127493164,3037.9906689178224,1.5925904783877371e-05,6.0349882846622536e-13,3011.4615216608117,2.0040064404787666e-16,1.5925904783877371e-05,0,1,1,0,,0,0
19,2900,5.0176779443037578,3007.317387912587,0.00166848965276212,0.046491132107475963,3033.8410666853783,1.5324181816244522e-05,5.819335492001157e-13,3007.3173879127066,1.9350586391016721e-16,1.5324181816244522e-05,0,1,1,0,,0,0
19,3000,4.8319182024367944,3003.2939226642784,0.0016088728998426864,0.044697869043958088,3029.8115666004373,1.4752689420256845e-05,5.2724376285319505e-13,3003.2939226643857,1.7555516590445745e-16,1.4752689420256845e-05,0,1,1,0,,0,0
19,3100,4.6558778915699017,2999.3882170672896,0.0015522758491470895,0.042994488616637412,3025.8981419844445,1.4208835393395221e-05,5.2352444075828494e-13,2999.3882170674051,1.7454374121338351e-16,1.4208835393395221e-05,0,1,1,0,,0,0
19,3200,4.4886304125355521,2995.5927751306967,0.0014984114161978224,0.041375792102130257,3022.0967023914409,1.3691088067893007e-05,5.2001093877571168e-13,2995.5927751308109,1.7359199925063377e-16,1.3691088067893007e-05,0,1,1,0,,0,0
19,3300,4.329735254577443,2991.9043917856011,0.0014471502720691586,0.039836129635100068,3018.4027192879157,1.3197751705079956e-05,4.1218291360080577e-13,2991.9043917857171,1.3776607124627888e-16,1.3197751705079956e-05,0,1,1,0,,0,0
19,3400,4.1787537860348758,2988.3193978654995,0.0013983625006817146,0.038370601894499055,3014.812137678352,1.2727360824561197e-05,5.8374914992299519e-13,2988.31939786562,1.9534362703663227e-16,1.2727360824561197e-05,0,1,1,0,,0,0
19,3500,4.0351861969395317,2984.8337266343456,0.0013518964761529775,0.036973518699807327,3011.3217142747758,1.2278169590628331e-05,4.7650327101097937e-13,2984.833726634462,1.5964147910786938e-16,1.2278169590628331e-05,0,1,1,0,,0,0
19,3600,3.8982793487838721,2981.4441451547323,0.0013075137949906345,0.035641010167884693,3007.9280948845935,1.1849023328881186e-05,5.1174661300989685e-13,2981.4441451548441,1.7164387058584953e-16,1.1849023328881186e-05,0,1,1,0,,0,0
19,3700,3.7677315920388574,2978.1477162314145,0.0012651258268701971,0.034369176624384511,3004.6281743471591,1.1438745372163127e-05,4.8552676212599037e-13,2978.1477162315286,1.6302977836853687e-16,1.1438745372163127e-05,0,1,1,0,,0,0
19,3800,3.6432836935411492,2974.9416445566658,0.0012246571962873181,0.033154303007173362,3001.4187224617872,1.1046210500073094e-05,5.1593187374128968e-13,2974.9416445567722,1.734258803648422e-16,1.1046210500073094e-05,0,1,1,0,,0,0
19,3900,3.5243850956091825,2971.82391790361,0.0011859333503498287,0.031992306458034143,2998.2967863121503,1.0670160006869797e-05,5.0581944342203565e-13,2971.8239179037305,1.7020505164344708e-16,1.0670160006869797e-05,0,1,1,0,,0,0
19,4000,3.4106257420222557,2968.7907262699755,0.0011488265952337459,0.030880801063812212,2995.2595708819267,1.0309891457827691e-05,5.001713663198553e-13,2968.7907262700924,1.6847646480904261e-16,1.0309891457827691e-05,0,1,1,0,,0,0
19,4100,3.3019165196748763,2965.8392464065269,0.001113316078636274,0.029816395179721476,2992.3046332010922,9.9643581903038553e-06,5.1054555205442577e-13,2965.8392464066401,1.7214201770139565e-16,9.9643581903038553e-06,0,1,1,0,,0,0
19,4200,3.1978732884497654,2962.9670183507178,0.0010792807576473814,0.028795720822875088,2989.429506749188,9.6325137481460725e-06,2.993676778641121e-13,2962.9670183508292,1.0103645299121097e-16,9.6325137481460725e-06,0,1,1,0,,0,0
19,4300,3.0979842379044635,2960.1716247952108,0.0010465556158821658,0.027817209054059547,2986.6320803525541,9.3139055316033083e-06,5.9134881507608844e-13,2960.1716247953259,1.9976842225050916e-16,9.3139055316033083e-06,0,1,1,0,,0,0
19,4400,3.0022787417434471,2957.4507857761751,0.0010151576337915314,0.026877812168693536,2983.9097705777799,9.0075820769503826e-06,5.2145125286922245e-13,2957.4507857762851,1.7631781241368976e-16,9.0075820769503826e-06,0,1,1,0,,0,0
19,4500,2.9104643375482002,2954.8028510542485,0.00098499442577354066,0.025975015874494422,2981.2600213337728,8.712764297182496e-06,5.2710991894203466e-13,2954.8028510543718,1.7839089289965465e-16,8.712764297182496e-06,1,1,1,1,,0,0
20,100,67.411697715401587,2944.8613419510816,0.022891297717514535,0.37290415353267248,2971.0982316076861,0.00012551054339623465,5.840892647797786e-13,2944.8613419511817,1.9834185618830447e-16,0.00012551054339623465,0,1,1,0,,0,0
20,200,26.053062604583751,2946.6466066026451,0.0088415972740693849,0.22378728427328035,2973.0294186587166,7.5272475566098525e-05,5.5867959116904196e-13,2946.6466066027447,1.8959843705626996e-16,7.5272475566098525e-05,0,1,1,0,,0,0
20,300,20.483822676161061,2948.0721050038501,0.0069482095235707643,0.18798373801872514,2974.4714837677207,6.3199038566881408e-05,3.2185519008604978e-13,2948.0721050039569,1.0917480259039247e-16,6.3199038566881408e-05,0,1,1,0,,0,0
20,400,17.590464871636325,2948.9201901326815,0.0059650528795236312,0.16465291029139267,2975.3483757607719,5.5339035802586407e-05,3.7102813649805529e-13,2948.920190132782,1.2581830384543193e-16,5.5339035802586407e-05,0,1,1,0,,0,0
20,500,15.491976493242699,2949.3328947038608,0.0052527052883931001,0.14630008251704574,2975.797767697703,4.9163314827752657e-05,5.5960822303527001e-13,2949.3328947039649,1.8974061016989398e-16,4.9163314827752657e-05,0,1,1,0,,0,0
20,600,13.786329098798554,2949.4393676316095,0.0046742202094728711,0.13093020852476672,2975.9496725667459,4.3996109790337917e-05,3.3042683189886445e-13,2949.439367631715,1.1203038635921658e-16,4.3996109790337917e-05,0,1,1,0,,0,0
20,700,12.353235905569393,2949.3420704621053,0.0041884717372352399,0.11780947295739019,2975.8847249867222,3.9588049889236162e-05,4.3013059646435526e-13,2949.3420704622158,1.4583950799472572e-16,3.9588049889236162e-05,0,1,1,0,,0,0
20,800,11.129708797401793,2949.1027934353533,0.0037739304381577722,0.10659967257041156,2975.6672042258283,3.5823788499945952e-05,5.6529178065354495e-13,2949.1027934354561,1.916826303619711e-16,3.5823788499945952e-05,0,1,1,0,,0,0
20,900,10.100351148748562,2948.7559412666487,0.0034252923435942003,0.097128877150234591,2975.33759079436,3.264465768548401e-05,5.5715490857057817e-13,2948.7559412667561,1.889457519265667e-16,3.264465768548401e-05,0,1,1,0,,0,0
20,1000,9.2283394151679943,2948.331809820329,0.0031300206389356048,0.089022959681624478,2974.9266116447952,2.9924422112855056e-05,5.502860575151453e-13,2948.3318098204286,1.8664319113684193e-16,2.9924422112855056e-05,0,1,1,0,,0,0
20,1100,8.4789163540696482,2947.8494695192221,0.0028763057414368286,0.081958601105833903,2974.4572568038884,2.7554136445685555e-05,5.7904613077347251e-13,2947.8494695193281,1.9643002017599321e-16,2.7554136445685555e-05,0,1,1,0,,0,0
20,1200,7.8203619349740681,2947.3311514305133,0.0026533706370858211,0.075733436620793959,2973.9460472546325,2.5465639059157275e-05,6.0450994291854937e-13,2947.3311514306242,2.0510418132863095e-16,2.5465639059157275e-05,0,1,1,0,,0,0
20,1300,7.2400707004180198,2946.7827929231298,0.0024569407415454816,0.070202242664960723,2973.4042571676437,2.3610056552428836e-05,4.7265096431983386e-13,2946.7827929232262,1.6039558988023046e-16,2.3610056552428836e-05,0,1,1,0,,0,0
20,1400,6.7227541623722527,2946.2122147527239,0.0022818295738199208,0.065259595464547848,2972.8409508322184,2.1951929667235999e-05,5.9764629486887413e-13,2946.2122147528262,2.0285242586268144e-16,2.1951929667235999e-05,0,1,1,0,,0,0
20,1500,6.2598888376358071,2945.6298664181677,0.0021251444076535379,0.060823914470309,2972.2648249845543,2.0463827435237061e-05,5.406698309548541e-13,2945.6298664182718,1.8354981972405096e-16,2.0463827435237061e-05,0,1,1,0,,0,0
20,1600,5.8448672814723288,2945.0391127742955,0.0019846484401921331,0.05682530068707458,2971.6802061399085,1.9122279904030564e-05,4.5661116070129482e-13,2945.0391127744028,1.5504417537977614e-16,1.9122279904030564e-05,0,1,1,0,,0,0
20,1700,5.4701022912423793,2944.4457785784271,0.0018577697477191563,0.053210268415517285,2971.092267679936,1.7909328833152691e-05,5.8496143237095149e-13,2944.4457785785353,1.9866605682694836e-16,1.7909328833152691e-05,0,1,1,0,,0,0
20,1800,5.1310529556069593,2943.8517002778153,0.0017429726351781698,0.049926737699028688,2970.5043637358849,1.680749515420264e-05,6.1587691543004764e-13,2943.8517002779208,2.0920786035923766e-16,1.680749515420264e-05,0,1,1,0,,0,0
20,1900,4.8203710872669259,2943.2606603451618,0.0016377656088066735,0.04690398523937548,2969.9189776267931,1.5793018460340484e-05,5.6929931788485695e-13,2943.2606603452637,1.9342470259432423e-16,1.5793018460340484e-05,0,1,1,0,,0,0
20,2000,4.5323598733667216,2942.675447582792,0.0015402173818012269,0.044101090416472449,2969.3385096632396,1.4852159924829206e-05,3.9648008128802465e-13,2942.675447582897,1.3473455987601078e-16,1.4852159924829206e-05,0,1,1,0,,0,0
20,2100,4.264201388836951,2942.0971442858527,0.0014493747757849844,0.041490125454083357,2968.7643287262258,1.3975553752319927e-05,5.4755789462335484e-13,2942.0971442859532,1.8611142588775637e-16,1.3975553752319927e-05,0,1,1,0,,0,0
20,2200,4.0140898103147302,2941.5271511140218,0.0013646278290494463,0.03905201539170039,2968.1978179521893,1.3156810221848032e-05,5.6520541251556169e-13,2941.5271511141259,1.9214693031185716e-16,1.3156810221848032e-05,0,1,1,0,,0,0
20,2300,3.7801006061907141,2940.9659231773189,0.0012853262176213257,0.036770284648741686,2967.639879171194,1.2390413306823109e-05,4.4843144558597681e-13,2940.9659231774249,1.5247760677943887e-16,1.2390413306823109e-05,0,1,1,0,,0,0
20,2400,3.560781018369064,2940.4141971057597,0.0012109793993900348,0.034632161997329533,2967.0914232559767,1.167209130324858e-05,5.5714936092829013e-13,2940.4141971058643,1.8947989078432236e-16,1.167209130324858e-05,0,1,1,0,,0,0
20,2500,3.355033127946899,2939.8726742172353,0.0011412171545287088,0.0326265702327794,2966.5530323105595,1.0998141572870362e-05,5.7455183113006513e-13,2939.8726742173303,1.9543425678563633e-16,1.0998141572870362e-05,0,1,1,0,,0,0
20,2600,3.1618789631781818,2939.3415249650384,0.0010757099630386742,0.030743745402653309,2966.0251699905998,1.036530158736001e-05,3.9733859936676901e-13,2939.341524965143,1.3517945975042182e-16,1.036530158736001e-05,0,1,1,0,,0,0
20,2700,2.9804641318437644,2938.8214906305334,0.0010141698437097983,0.028975242750205885,2965.5080202624049,9.7707517741401995e-06,5.7718576044180325e-13,2938.8214906306398,1.9640041502416852e-16,9.7707517741401995e-06,0,1,1,0,,0,0
20,2800,2.8099726820231523,2938.3128369051778,0.00095632182071627141,0.027313321924528792,2965.0017831785613,9.2119074192421504e-06,5.8281999713150458e-13,2938.312836905282,1.9835192148748459e-16,9.2119074192421504e-06,1,1,1,1,,0,0
